"","ID","cagb","cbgb","ctotal4inv","tot_area","inter_area"
"1","CR245241",98.7,23.69,136.17,78125595.3831807,11810.0051136763
"2","CR245241",120.58,28.94,167.16,145448273.911623,601727.229714492
"3","CR245241",1.03,4.74,9.4,77473916.992449,1547739.34009936
"4","CR245241",98.7,23.69,136.17,1508142488.00348,43642.8251965815
"5","CR245241",120.58,28.94,167.16,7036463465.53076,441765.656576271
"6","CR245241",1.03,4.74,9.4,637188597.606285,3107.47668465599
"7","CR245241",120.58,28.94,167.16,10274019.909778,1418291.25035455
"8","CR245241",1.03,4.74,9.4,1582939967.60133,47506673.4870239
"9","CR245241",5.95,19.87,26.51,189451060.025735,8579120.03569214
"10","CR245241",120.58,28.94,167.16,6749583.4010553,1859478.18205614
"11","CR245241",5.95,19.87,26.51,2357345.49664495,43563.9649478517
"12","CR245241",37.74,10.58,55.41,11213427796.265,3.00630696748522
"13","CR245241",1.03,4.74,9.4,5133580946.8382,13.7120898626813
"14","CR246240",98.7,23.69,136.17,78125595.3831807,581569.29032968
"15","CR246240",120.58,28.94,167.16,145448273.911623,17683312.3199065
"16","CR246240",1.03,4.74,9.4,77473916.992449,29078323.9645654
"17","CR246240",1.03,4.74,9.4,95776736.0845105,9105825.04150744
"18","CR246240",98.7,23.69,136.17,1508142488.00348,12177520.4461323
"19","CR246240",120.58,28.94,167.16,7036463465.53076,53022179.2755875
"20","CR246240",1.03,4.74,9.4,637188597.606285,941616.494507925
"21","CR246240",1.04,10.15,12.77,11047968253.7415,16.5825636280293
"22","CR246240",120.58,28.94,167.16,10274019.909778,1429887.90497527
"23","CR246240",1.03,4.74,9.4,1582939967.60133,557038681.611731
"24","CR246240",1.04,10.15,12.77,578837.56953679,6.01441151822038
"25","CR246240",78.82,18.92,109.29,40689337.1357195,2.52408822442733
"26","CR246240",1.03,4.74,9.4,38709766590.8987,82905244.3629468
"27","CR246240",1.03,4.74,9.4,5133580946.8382,42057744.9554345
"28","CR246240",1.04,10.15,12.77,10276555269.6776,1383856.77355805
"29","CR246241",120.58,28.94,167.16,145448273.911623,8261502.56394711
"30","CR246241",1.03,4.74,9.4,77473916.992449,41826108.770308
"31","CR246241",1.03,4.74,9.4,95776736.0845105,8554737.10033941
"32","CR246241",98.7,23.69,136.17,1508142488.00348,7191287.01304857
"33","CR246241",120.58,28.94,167.16,7036463465.53076,44259825.0136194
"34","CR246241",1.03,4.74,9.4,637188597.606285,6.67012223949304
"35","CR246241",120.58,28.94,167.16,10274019.909778,1651170.53068014
"36","CR246241",1.03,4.74,9.4,1582939967.60133,835094853.916411
"37","CR246241",5.95,19.87,26.51,189451060.025735,9630907.94227654
"38","CR246241",1.04,10.15,12.77,945534655.38946,18.1077879563932
"39","CR246241",1.03,4.74,9.4,38709766590.8987,7773088.47624867
"40","CR246241",37.74,10.58,55.41,11213427796.265,8.83757132892426
"41","CR246241",1.03,4.74,9.4,5133580946.8382,20578438.1912781
"42","CR246241",1.04,10.15,12.77,10276555269.6776,30.2319973439765
"43","CR247239",98.7,23.69,136.17,78125595.3831807,508184.664825068
"44","CR247239",120.58,28.94,167.16,145448273.911623,25404371.6137882
"45","CR247239",1.03,4.74,9.4,95776736.0845105,8359493.04244382
"46","CR247239",98.7,23.69,136.17,1508142488.00348,20864635.7424736
"47","CR247239",120.58,28.94,167.16,7036463465.53076,218853764.913365
"48","CR247239",1.03,4.74,9.4,637188597.606285,11171384.7097294
"49","CR247239",0.73,0.77,5.13,300672690.150814,12.329321977646
"50","CR247239",1.04,10.15,12.77,11047968253.7415,154534.079394914
"51","CR247239",1.04,10.15,12.77,1428680311.19128,23.0567293117056
"52","CR247239",0.73,0.77,5.13,43692704.2308405,109775.947075184
"53","CR247239",1.03,4.74,9.4,38709766590.8987,504296270.859965
"54","CR247239",1.03,4.74,9.4,5133580946.8382,4649285.70312
"55","CR247239",1.04,10.15,12.77,10276555269.6776,2315801.06263538
"56","CR247240",98.7,23.69,136.17,78125595.3831807,8227.81682898477
"57","CR247240",120.58,28.94,167.16,145448273.911623,18436675.6611681
"58","CR247240",1.03,4.74,9.4,77473916.992449,3328875.42264176
"59","CR247240",98.7,23.69,136.17,1508142488.00348,37290290.2101651
"60","CR247240",120.58,28.94,167.16,7036463465.53076,130758103.820009
"61","CR247240",1.03,4.74,9.4,637188597.606285,100366467.184682
"62","CR247240",0.73,0.77,5.13,300672690.150814,6.71723756548778
"63","CR247240",1.04,10.15,12.77,11047968253.7415,26.937475307276
"64","CR247240",1.03,4.74,9.4,1582939967.60133,37141846.6154184
"65","CR247240",0.73,0.77,5.13,43692704.2308405,2933.60685678397
"66","CR247240",1.03,4.74,9.4,38709766590.8987,2247461533.53203
"67","CR247240",1.03,4.74,9.4,5133580946.8382,8.39896222614334
"68","CR247240",1.04,10.15,12.77,10276555269.6776,6.29571703754273
"69","CR247241",120.58,28.94,167.16,145448273.911623,286311.481330439
"70","CR247241",98.7,23.69,136.17,1508142488.00348,10710001.1780665
"71","CR247241",120.58,28.94,167.16,7036463465.53076,77467358.5930651
"72","CR247241",1.03,4.74,9.4,637188597.606285,25541624.2714034
"73","CR247241",1.04,10.15,12.77,11047968253.7415,5.67788754694722
"74","CR247241",5.95,19.87,26.51,189451060.025735,120901150.219016
"75","CR247241",0.73,0.77,5.13,47898053374.4299,20550796.0011912
"76","CR247241",37.74,10.58,55.51,2660646546.7248,0.893740140313753
"77","CR247241",5.95,19.87,26.51,2357345.49664495,2249886.57042596
"78","CR247241",1.03,4.74,9.4,38709766590.8987,656638637.902804
"79","CR247241",1.03,4.74,9.4,5133580946.8382,0.00823830226904931
"80","CR247241",1.04,10.15,12.77,10276555269.6776,6.61300991541913
"81","CR248238",98.7,23.69,136.17,78125595.3831807,80910.5869392876
"82","CR248238",120.58,28.94,167.16,145448273.911623,60104.055037573
"83","CR248238",1.03,4.74,9.4,95776736.0845105,4179779.43928451
"84","CR248238",98.7,23.69,136.17,1508142488.00348,175.119016345676
"85","CR248238",1.03,4.74,9.4,637188597.606285,16373372.0534542
"86","CR248238",1.04,10.15,12.77,11047968253.7415,18899625.4691055
"87","CR248238",1.04,10.15,12.77,1428680311.19128,6.50908505392636
"88","CR248238",1.03,4.74,9.4,38709766590.8987,570196453.648602
"89","CR248238",37.74,10.58,55.41,11213427796.265,20.2388157054665
"90","CR248238",1.03,4.74,9.4,5133580946.8382,283735906.462509
"91","CR248238",1.04,10.15,12.77,10276555269.6776,88597571.8067568
"92","CR248239",98.7,23.69,136.17,78125595.3831807,5403954.88520298
"93","CR248239",120.58,28.94,167.16,145448273.911623,18555591.4337412
"94","CR248239",1.03,4.74,9.4,95776736.0845105,13083.1333196719
"95","CR248239",98.7,23.69,136.17,1508142488.00348,59564665.0527691
"96","CR248239",120.58,28.94,167.16,7036463465.53076,471264239.991526
"97","CR248239",1.03,4.74,9.4,637188597.606285,40285981.9753845
"98","CR248239",0.73,0.77,5.13,300672690.150814,18.8383825287888
"99","CR248239",1.04,10.15,12.77,11047968253.7415,1935992.42572634
"100","CR248239",0.73,0.77,5.13,47898053374.4299,1582833.31171622
"101","CR248239",0.73,0.77,5.13,43692704.2308405,128737.834216169
"102","CR248239",0.73,0.77,5.13,8897202843.17605,1853210.17821878
"103","CR248239",1.03,4.74,9.4,38709766590.8987,1958541318.20673
"104","CR248239",37.74,10.58,55.41,11213427796.265,1.99689901002526
"105","CR248239",1.03,4.74,9.4,5133580946.8382,35766650.8647511
"106","CR248239",1.04,10.15,12.77,10276555269.6776,16472195.0681068
"107","CR248240",120.58,28.94,167.16,145448273.911623,105562.568004342
"108","CR248240",98.7,23.69,136.17,1508142488.00348,15578402.3930769
"109","CR248240",120.58,28.94,167.16,7036463465.53076,142577050.36976
"110","CR248240",0,0,0,364691685.522491,13.8414655644447
"111","CR248240",1.03,4.74,9.4,637188597.606285,70795149.0229819
"112","CR248240",37.74,10.58,55.41,89927242.3204199,6.10799859599541
"113","CR248240",1.04,10.15,12.77,11047968253.7415,70.7315778894622
"114","CR248240",1.04,10.15,12.77,1428680311.19128,11.0698946673559
"115","CR248240",0.73,0.77,5.13,43692704.2308405,282480.055231807
"116","CR248240",0.73,0.77,5.13,8897202843.17605,60424158.1342574
"117","CR248240",1.03,4.74,9.4,38709766590.8987,2390727186.92852
"118","CR248240",1.03,4.74,9.4,5133580946.8382,1.16747544601094
"119","CR248240",1.04,10.15,12.77,10276555269.6776,15.20912682286
"120","CR248241",98.7,23.69,136.17,1508142488.00348,5984720.13797399
"121","CR248241",120.58,28.94,167.16,7036463465.53076,25263849.6757209
"122","CR248241",1.03,4.74,9.4,637188597.606285,37579947.0680924
"123","CR248241",0.73,0.77,5.13,300672690.150814,75739.0777516745
"124","CR248241",1.04,10.15,12.77,11047968253.7415,13.9166035426206
"125","CR248241",5.95,19.87,26.51,189451060.025735,50110287.8642687
"126","CR248241",0.73,0.77,5.13,47898053374.4299,244491428.686802
"127","CR248241",120.58,28.94,167.16,1600476.79085388,423751.370271605
"128","CR248241",1.04,10.15,12.77,92000623.9823982,0.264041592275971
"129","CR248241",120.58,28.94,167.16,7076299902.76571,143943813.552243
"130","CR248241",37.74,10.58,55.51,5563925318.74425,0.654572632571217
"131","CR248241",5.95,19.87,26.51,2357345.49664495,3670.22758430988
"132","CR248241",1.03,4.74,9.4,38709766590.8987,2059713594.32876
"133","CR248241",1.03,4.74,9.4,5133580946.8382,3.03046399261802
"134","CR248242",98.7,23.69,136.17,1508142488.00348,35128.9982911274
"135","CR248242",120.58,28.94,167.16,7036463465.53076,682242.19957789
"136","CR248242",1.03,4.74,9.4,637188597.606285,921586.523804933
"137","CR248242",120.58,28.94,167.16,7076299902.76571,144001209.710359
"138","CR248242",1.03,4.74,9.4,38709766590.8987,343078254.296566
"139","CR249237",120.58,28.94,167.16,145448273.911623,627237.004905539
"140","CR249237",1.03,4.74,9.4,95776736.0845105,6.72386081663582
"141","CR249237",98.7,23.69,136.17,1508142488.00348,9504441.20362693
"142","CR249237",120.58,28.94,167.16,7036463465.53076,35071572.5883735
"143","CR249237",1.03,4.74,9.4,637188597.606285,4207357.17032711
"144","CR249237",0.73,0.77,5.13,300672690.150814,1121041.94193197
"145","CR249237",1.04,10.15,12.77,11047968253.7415,17099023.2754702
"146","CR249237",0.73,0.77,5.13,47898053374.4299,268128668.160792
"147","CR249237",0.73,0.77,5.13,8897202843.17605,233718.5600068
"148","CR249237",85.73,20.17,112.98,6508378.17555545,2.23257735278457
"149","CR249237",0,0,0,1107339646.40207,5.843754156871
"150","CR249237",1.03,4.74,9.4,38709766590.8987,438957353.640205
"151","CR249237",37.74,10.58,55.41,11213427796.265,0.481395759505076
"152","CR249237",1.04,10.15,12.77,3925420194.41519,70033686.4827679
"153","CR249237",1.03,4.74,9.4,5133580946.8382,16810190.3165344
"154","CR249237",1.04,10.15,12.77,10276555269.6776,72324716.1535468
"155","CR249238",98.7,23.69,136.17,78125595.3831807,47880.5973613327
"156","CR249238",120.58,28.94,167.16,145448273.911623,1172324.60720134
"157","CR249238",1.03,4.74,9.4,95776736.0845105,1092514.64558445
"158","CR249238",98.7,23.69,136.17,1508142488.00348,43380574.5890072
"159","CR249238",120.58,28.94,167.16,7036463465.53076,71644749.5608131
"160","CR249238",1.03,4.74,9.4,637188597.606285,21275709.4169254
"161","CR249238",0.73,0.77,5.13,300672690.150814,13298798.3860096
"162","CR249238",1.04,10.15,12.77,11047968253.7415,3134484.40063068
"163","CR249238",1.04,10.15,12.77,1428680311.19128,4.76081341539975
"164","CR249238",0.73,0.77,5.13,47898053374.4299,1082719588.81766
"165","CR249238",1.03,4.74,9.4,38709766590.8987,1135589041.77882
"166","CR249238",37.74,10.58,55.41,11213427796.265,10.9133575978758
"167","CR249238",1.03,4.74,9.4,5133580946.8382,151816932.770191
"168","CR249238",1.04,10.15,12.77,10276555269.6776,180942642.193655
"169","CR249239",98.7,23.69,136.17,78125595.3831807,1735492.08602529
"170","CR249239",120.58,28.94,167.16,145448273.911623,649294.870282409
"171","CR249239",1.03,4.74,9.4,95776736.0845105,481834.163636819
"172","CR249239",98.7,23.69,136.17,1508142488.00348,18808576.8549918
"173","CR249239",120.58,28.94,167.16,7036463465.53076,77389332.2679984
"174","CR249239",1.03,4.74,9.4,637188597.606285,14266505.9368323
"175","CR249239",0.73,0.77,5.13,300672690.150814,11442737.8341191
"176","CR249239",1.04,10.15,12.77,11047968253.7415,1575594.15027889
"177","CR249239",0.73,0.77,5.13,47898053374.4299,1740947353.29846
"178","CR249239",0.73,0.77,5.13,43692704.2308405,7172320.85225455
"179","CR249239",0.73,0.77,5.13,8897202843.17605,95771950.2022155
"180","CR249239",120.58,28.94,167.16,7076299902.76571,13.7471177722308
"181","CR249239",1.03,4.74,9.4,38709766590.8987,636044284.451252
"182","CR249239",1.03,4.74,9.4,5133580946.8382,75308675.0567276
"183","CR249239",1.04,10.15,12.77,10276555269.6776,11906657.1396277
"184","CR249240",98.7,23.69,136.17,78125595.3831807,316267.593705033
"185","CR249240",120.58,28.94,167.16,145448273.911623,1949289.05650964
"186","CR249240",98.7,23.69,136.17,1508142488.00348,34199955.1610093
"187","CR249240",120.58,28.94,167.16,7036463465.53076,178729385.085132
"188","CR249240",1.03,4.74,9.4,637188597.606285,24747988.52506
"189","CR249240",0.73,0.77,5.13,300672690.150814,13219463.4527917
"190","CR249240",1.04,10.15,12.77,11047968253.7415,1.51886502280831
"191","CR249240",0.73,0.77,5.13,47898053374.4299,1105533669.45089
"192","CR249240",0.73,0.77,5.13,43692704.2308405,84865.4611166726
"193","CR249240",0.73,0.77,5.13,8897202843.17605,168996293.434282
"194","CR249240",120.58,28.94,167.16,7076299902.76571,37.6435704357272
"195","CR249240",1.03,4.74,9.4,38709766590.8987,1152721294.48221
"196","CR249240",1.03,4.74,9.4,5133580946.8382,21.620620854765
"197","CR249240",1.04,10.15,12.77,10276555269.6776,522.377364210096
"198","CR249241",98.7,23.69,136.17,1508142488.00348,11526162.2138178
"199","CR249241",120.58,28.94,167.16,7036463465.53076,97235746.7675839
"200","CR249241",1.03,4.74,9.4,637188597.606285,7782708.83869479
"201","CR249241",0.73,0.77,5.13,300672690.150814,2034708.30959098
"202","CR249241",0.73,0.77,5.13,47898053374.4299,681046000.716198
"203","CR249241",1.04,10.15,12.77,945534655.38946,0.192393623525277
"204","CR249241",120.58,28.94,167.16,1600476.79085388,263332.589242546
"205","CR249241",120.58,28.94,167.16,7076299902.76571,85258124.9987514
"206","CR249241",37.74,10.58,55.51,5563925318.74425,0.196064589486923
"207","CR249241",1.03,4.74,9.4,38709766590.8987,1782159843.50317
"208","CR249241",1.04,10.15,12.77,10276555269.6776,21.3716808982321
"209","CR249242",1.03,4.74,9.4,637188597.606285,5158606.05114877
"210","CR249242",0.73,0.77,5.13,300672690.150814,263800.405188062
"211","CR249242",0.73,0.77,5.13,47898053374.4299,55314148.2403714
"212","CR249242",120.58,28.94,167.16,1600476.79085388,72795.6998633854
"213","CR249242",120.58,28.94,167.16,7076299902.76571,670883944.617848
"214","CR249242",37.74,10.58,55.51,5563925318.74425,58.213981434829
"215","CR249242",1.03,4.74,9.4,38709766590.8987,1633319176.60392
"216","CR249242",37.74,10.58,55.41,11213427796.265,49.0415430714056
"217","CR249243",1.03,4.74,9.4,637188597.606285,512158.193281339
"218","CR249243",120.58,28.94,167.16,7076299902.76571,38741453.401971
"219","CR249243",1.03,4.74,9.4,38709766590.8987,86401129.2549318
"220","CR250237",98.7,23.69,136.17,1508142488.00348,8437226.93488768
"221","CR250237",120.58,28.94,167.16,7036463465.53076,108997403.768672
"222","CR250237",1.03,4.74,9.4,637188597.606285,583616.637371605
"223","CR250237",0.73,0.77,5.13,300672690.150814,189921.312060405
"224","CR250237",1.04,10.15,12.77,11047968253.7415,1943131.87210537
"225","CR250237",0.73,0.77,5.13,47898053374.4299,517284252.440118
"226","CR250237",0.73,0.77,5.13,8897202843.17605,2996818.86526897
"227","CR250237",120.58,28.94,167.16,7076299902.76571,1.59544232513408
"228","CR250237",0,0,0,1107339646.40207,18.0782625759645
"229","CR250237",1.03,4.74,9.4,38709766590.8987,1219781859.73286
"230","CR250237",37.74,10.58,55.41,11213427796.265,2.47074342309497
"231","CR250237",1.03,4.74,9.4,5133580946.8382,19.5601275041379
"232","CR250237",1.04,10.15,12.77,10276555269.6776,13244954.3562347
"233","CR250238",98.7,23.69,136.17,1508142488.00348,10389577.9299802
"234","CR250238",120.58,28.94,167.16,7036463465.53076,87917481.0410481
"235","CR250238",0.73,0.77,5.13,300672690.150814,2247126.16057523
"236","CR250238",0.73,0.77,5.13,47898053374.4299,2333186501.86357
"237","CR250238",0.73,0.77,5.13,8897202843.17605,102635924.108382
"238","CR250238",120.58,28.94,167.16,7076299902.76571,25.3141791298136
"239","CR250238",1.03,4.74,9.4,38709766590.8987,169094962.386212
"240","CR250238",1.03,4.74,9.4,5133580946.8382,815637.903755564
"241","CR250238",1.04,10.15,12.77,10276555269.6776,31.5478675753723
"242","CR250239",98.7,23.69,136.17,1508142488.00348,14928662.2175728
"243","CR250239",120.58,28.94,167.16,7036463465.53076,79781412.8835087
"244","CR250239",0.73,0.77,5.13,300672690.150814,297648.012622402
"245","CR250239",0.73,0.77,5.13,47898053374.4299,2296102619.88867
"246","CR250239",0.73,0.77,5.13,8897202843.17605,98856908.9527537
"247","CR250239",120.58,28.94,167.16,7076299902.76571,3.08784546423703
"248","CR250239",1.03,4.74,9.4,38709766590.8987,376858.760660381
"249","CR250240",98.7,23.69,136.17,78125595.3831807,823876.85092067
"250","CR250240",120.58,28.94,167.16,145448273.911623,6424695.21085061
"251","CR250240",1.03,4.74,9.4,95776736.0845105,1378717.79362162
"252","CR250240",98.7,23.69,136.17,1508142488.00348,23162446.7482959
"253","CR250240",120.58,28.94,167.16,7036463465.53076,241042820.734489
"254","CR250240",0.73,0.77,5.13,300672690.150814,12668341.0414192
"255","CR250240",1.04,10.15,12.77,11047968253.7415,57618.0414926086
"256","CR250240",0.73,0.77,5.13,47898053374.4299,2072041136.79761
"257","CR250240",0.73,0.77,5.13,43692704.2308405,166543.166389819
"258","CR250240",85.73,20.17,112.98,6508378.17555545,7.3301121275872
"259","CR250240",1.03,4.74,9.4,38709766590.8987,32444749.3053171
"260","CR250240",1.03,4.74,9.4,5133580946.8382,283926694.276707
"261","CR250240",1.04,10.15,12.77,10276555269.6776,6365073.06294147
"262","CR250241",98.7,23.69,136.17,78125595.3831807,3106.11091159609
"263","CR250241",120.58,28.94,167.16,145448273.911623,425346.566394763
"264","CR250241",1.03,4.74,9.4,95776736.0845105,336899.203914126
"265","CR250241",98.7,23.69,136.17,1508142488.00348,22149605.1796331
"266","CR250241",120.58,28.94,167.16,7036463465.53076,59772113.1410934
"267","CR250241",0.73,0.77,5.13,300672690.150814,17018426.144948
"268","CR250241",1.04,10.15,12.77,11047968253.7415,15.6374634508509
"269","CR250241",0.73,0.77,5.13,47898053374.4299,1553228520.52346
"270","CR250241",1.04,10.15,12.77,945534655.38946,0.024826918670442
"271","CR250241",120.58,28.94,167.16,1600476.79085388,512372.507357206
"272","CR250241",120.58,28.94,167.16,7076299902.76571,627444436.803019
"273","CR250241",37.74,10.58,55.51,5563925318.74425,59.8045851804471
"274","CR250241",1.03,4.74,9.4,38709766590.8987,170986479.404331
"275","CR250241",37.74,10.58,55.41,11213427796.265,27.4470629149346
"276","CR250241",1.03,4.74,9.4,5133580946.8382,197137034.477044
"277","CR250241",1.04,10.15,12.77,10276555269.6776,18278777.7602142
"278","CR250242",120.58,28.94,167.16,145448273.911623,0.891626019262301
"279","CR250242",1.03,4.74,9.4,95776736.0845105,589069.330500175
"280","CR250242",98.7,23.69,136.17,1508142488.00348,7940163.61615674
"281","CR250242",120.58,28.94,167.16,7036463465.53076,27497503.3626811
"282","CR250242",1.03,4.74,9.4,637188597.606285,4794861.97955952
"283","CR250242",0.73,0.77,5.13,300672690.150814,9594972.87474056
"284","CR250242",1.04,10.15,12.77,11047968253.7415,1020978.94046043
"285","CR250242",0.73,0.77,5.13,47898053374.4299,1654633709.9322
"286","CR250242",0.73,0.77,5.13,43692704.2308405,20.7350004127567
"287","CR250242",37.74,10.58,55.51,2660646546.7248,46.1443612094275
"288","CR250242",62.65,15.04,86.05,54585075.7176183,12.0347434102441
"289","CR250242",120.58,28.94,167.16,7076299902.76571,166100548.638912
"290","CR250242",37.74,10.58,55.51,5563925318.74425,54.2309302945709
"291","CR250242",1.03,4.74,9.4,38709766590.8987,130122608.756953
"292","CR250242",1.03,4.74,9.4,5133580946.8382,534501940.095289
"293","CR250242",1.04,10.15,12.77,10276555269.6776,82410377.0905669
"294","CR250243",62.65,15.04,86.05,764209375.708098,3.06891187205036
"295","CR250243",1.03,4.74,9.4,95776736.0845105,26921.6430451721
"296","CR250243",98.7,23.69,136.17,1508142488.00348,3606959.53349474
"297","CR250243",120.58,28.94,167.16,7036463465.53076,6461031.41071136
"298","CR250243",1.03,4.74,9.4,637188597.606285,9757388.93295461
"299","CR250243",0.73,0.77,5.13,300672690.150814,1090879.26571856
"300","CR250243",1.04,10.15,12.77,11047968253.7415,5.5014826618135
"301","CR250243",0.73,0.77,5.13,47898053374.4299,384196564.38653
"302","CR250243",78.82,18.92,109.29,40689337.1357195,6.08450609000549
"303","CR250243",1.03,4.74,9.4,38709766590.8987,387784695.70836
"304","CR250243",1.03,4.74,9.4,5133580946.8382,85105800.5621943
"305","CR250243",1.04,10.15,12.77,10276555269.6776,8948388.15493024
"306","CR251237",98.7,23.69,136.17,1508142488.00348,7137632.24151189
"307","CR251237",120.58,28.94,167.16,7036463465.53076,170118274.562196
"308","CR251237",0.73,0.77,5.13,47898053374.4299,2260456.79286923
"309","CR251237",0.73,0.77,5.13,43692704.2308405,93246.765556857
"310","CR251237",0.73,0.77,5.13,8897202843.17605,293044239.814681
"311","CR251237",120.58,28.94,167.16,7076299902.76571,60.7112417758932
"312","CR251237",0,0,0,1107339646.40207,53.5198273505134
"313","CR251237",1.03,4.74,9.4,38709766590.8987,527499204.198087
"314","CR251237",37.74,10.58,55.41,11213427796.265,45712998.2190447
"315","CR251238",0.73,0.77,5.13,47898053374.4299,1414675342.49335
"316","CR251238",1.03,4.74,9.4,254703236.410619,104.590455919991
"317","CR251238",0.73,0.77,5.13,8897202843.17605,27351837.5580147
"318","CR251238",120.58,28.94,167.16,7076299902.76571,9.13982288818806
"319","CR251238",1.03,4.74,9.4,38709766590.8987,1203752974.87974
"320","CR251238",37.74,10.58,55.41,11213427796.265,60509768.8201219
"321","CR251239",98.7,23.69,136.17,1508142488.00348,5503437.83425371
"322","CR251239",120.58,28.94,167.29,10970700.1841034,172723.036882423
"323","CR251239",120.58,28.94,167.16,7036463465.53076,178121799.895794
"324","CR251239",1.03,4.74,9.4,637188597.606285,356724.478454678
"325","CR251239",0.73,0.77,5.13,300672690.150814,1089641.85389132
"326","CR251239",1.04,10.15,12.77,1428680311.19128,4.06508629144804
"327","CR251239",0.73,0.77,5.13,47898053374.4299,1178202144.74897
"328","CR251239",0.73,0.77,5.13,8897202843.17605,25151543.7000503
"329","CR251239",120.58,28.94,167.16,7076299902.76571,3.69893148247828
"330","CR251239",1.03,4.74,9.4,38709766590.8987,436293457.094005
"331","CR251239",37.74,10.58,55.41,11213427796.265,15.1731325173673
"332","CR251239",1.03,4.74,9.4,5133580946.8382,595151.877178896
"333","CR251239",1.04,10.15,12.77,10276555269.6776,4.82364801394006
"334","CR251240",120.58,28.94,167.16,145448273.911623,407766.750467762
"335","CR251240",1.03,4.74,9.4,95776736.0845105,1559140.8734064
"336","CR251240",98.7,23.69,136.17,1508142488.00348,32273030.3812838
"337","CR251240",52.08,12.25,69.8,589642705.118406,11.0851379758492
"338","CR251240",120.58,28.94,167.16,7036463465.53076,390048202.689102
"339","CR251240",1.03,4.74,9.4,637188597.606285,6439264.25737694
"340","CR251240",37.74,10.58,55.41,89927242.3204199,2.4818333897274
"341","CR251240",0.73,0.77,5.13,300672690.150814,13863577.5705596
"342","CR251240",1.04,10.15,12.77,11047968253.7415,525047.307186905
"343","CR251240",1.04,10.15,12.77,1428680311.19128,2.74495442863554
"344","CR251240",0.73,0.77,5.13,47898053374.4299,1202810681.6393
"345","CR251240",1.04,10.15,12.77,945534655.38946,2.81137760635465
"346","CR251240",1.03,4.74,9.4,38709766590.8987,507641895.359551
"347","CR251240",1.03,4.74,9.4,5133580946.8382,477040137.7865
"348","CR251240",1.04,10.15,12.77,10276555269.6776,28168991.1516531
"349","CR251241",98.7,23.69,136.17,78125595.3831807,52265.8411293616
"350","CR251241",120.58,28.94,167.16,145448273.911623,464740.669741347
"351","CR251241",1.03,4.74,9.4,95776736.0845105,3562370.1359296
"352","CR251241",98.7,23.69,136.17,1508142488.00348,11601196.2036707
"353","CR251241",120.58,28.94,167.16,7036463465.53076,119981303.539303
"354","CR251241",1.03,4.74,9.4,637188597.606285,35088723.6169859
"355","CR251241",0.73,0.77,5.13,300672690.150814,4594211.45777602
"356","CR251241",1.04,10.15,12.77,11047968253.7415,74549.7477891754
"357","CR251241",1.04,10.15,12.77,1428680311.19128,11.8634667308377
"358","CR251241",0.73,0.77,5.13,47898053374.4299,120076479.969493
"359","CR251241",0.73,0.77,5.13,43692704.2308405,1.95129680954419
"360","CR251241",37.74,10.58,55.51,2660646546.7248,2.18916292500217
"361","CR251241",78.82,18.92,109.29,40689337.1357195,3.1219953102991
"362","CR251241",1.04,10.15,12.77,92000623.9823982,4.97989911908447
"363","CR251241",1.04,10.15,12.77,99533801.2269533,5.86664109243061
"364","CR251241",1.03,4.74,9.4,38709766590.8987,1601900868.19542
"365","CR251241",1.03,4.74,9.4,5133580946.8382,725135579.982367
"366","CR251241",1.04,10.15,12.77,10276555269.6776,44763731.74974
"367","CR251242",98.7,23.69,136.17,78125595.3831807,104895.302704409
"368","CR251242",120.58,28.94,167.16,145448273.911623,176444.568605769
"369","CR251242",1.03,4.74,9.4,95776736.0845105,8205773.37091209
"370","CR251242",98.7,23.69,136.17,1508142488.00348,16170322.3426916
"371","CR251242",120.58,28.94,167.16,7036463465.53076,90187345.7851229
"372","CR251242",0,0,0,364691685.522491,11.0430229953588
"373","CR251242",1.03,4.74,9.4,637188597.606285,51218789.1031168
"374","CR251242",0.73,0.77,5.13,300672690.150814,11524278.42835
"375","CR251242",1.04,10.15,12.77,11047968253.7415,61.654315679494
"376","CR251242",0.73,0.77,5.13,47898053374.4299,623549671.913027
"377","CR251242",62.65,15.04,86.05,54585075.7176183,31.5360023292346
"378","CR251242",78.82,18.92,109.29,40689337.1357195,7.28224477066432
"379","CR251242",120.58,28.94,167.16,214100.241980786,9.22417834655023
"380","CR251242",1.04,10.15,12.77,92000623.9823982,17.7140561666045
"381","CR251242",58.05,13.66,79.92,181205183.461674,0.0319346535750737
"382","CR251242",1.03,4.74,9.4,38709766590.8987,1091671813.00566
"383","CR251242",1.03,4.74,9.4,5133580946.8382,737220107.300713
"384","CR251242",1.04,10.15,12.77,10276555269.6776,23871710.741888
"385","CR251243",98.7,23.69,136.17,78125595.3831807,10.3989643509834
"386","CR251243",52.08,12.25,69.8,6746662.89609597,26.67946931323
"387","CR251243",120.58,28.94,167.16,145448273.911623,471468.828327426
"388","CR251243",1.03,4.74,9.4,95776736.0845105,8727945.9340346
"389","CR251243",98.7,23.69,136.17,1508142488.00348,3360547.14226492
"390","CR251243",120.58,28.94,167.16,7036463465.53076,19898917.9647431
"391","CR251243",0,0,0,364691685.522491,24.05679388758
"392","CR251243",1.03,4.74,9.4,637188597.606285,38371511.3403319
"393","CR251243",37.74,10.58,55.41,89927242.3204199,5.68250892953022
"394","CR251243",0.73,0.77,5.13,300672690.150814,3275566.84697271
"395","CR251243",1.04,10.15,12.77,11047968253.7415,130716.02131627
"396","CR251243",0.73,0.77,5.13,47898053374.4299,320649566.437388
"397","CR251243",37.74,10.58,55.51,2660646546.7248,8.4858062606915
"398","CR251243",62.65,15.04,86.05,54585075.7176183,5.98261132091284
"399","CR251243",78.82,18.92,109.29,40689337.1357195,9.72256049654501
"400","CR251243",0.73,0.77,5.13,8897202843.17605,2.51135732856346
"401","CR251243",120.58,28.94,167.16,7076299902.76571,6.25470374886272
"402","CR251243",58.05,13.66,79.92,181205183.461674,1.22294363072189
"403","CR251243",1.03,4.74,9.4,38709766590.8987,1258068128.46757
"404","CR251243",37.74,10.58,55.41,11213427796.265,10.8721941066906
"405","CR251243",1.04,10.15,12.77,3925420194.41519,14.3298868723591
"406","CR251243",1.03,4.74,9.4,5133580946.8382,521394827.897581
"407","CR251243",1.04,10.15,12.77,10276555269.6776,28593247.8717281
"408","CR252237",98.7,23.69,136.17,1508142488.00348,2119146.5549258
"409","CR252237",120.58,28.94,167.16,7036463465.53076,33537666.0074751
"410","CR252237",0.73,0.77,5.13,300672690.150814,8.20146009226752
"411","CR252237",1.04,10.15,12.77,1428680311.19128,1.14424692925034
"412","CR252237",0.73,0.77,5.13,8897202843.17605,181258438.808791
"413","CR252237",120.58,28.94,167.16,7076299902.76571,153.560548977564
"414","CR252237",85.73,20.17,112.98,6508378.17555545,3.70749328395739
"415","CR252237",1.03,4.74,9.4,38709766590.8987,25149730.3230781
"416","CR252238",1.03,4.74,9.4,637188597.606285,1228494.96020048
"417","CR252238",1.04,10.15,12.77,11047968253.7415,8.18682723598126
"418","CR252238",0.73,0.77,5.13,47898053374.4299,299202106.422641
"419","CR252238",1.03,4.74,9.4,254703236.410619,26.2485599574703
"420","CR252238",0.73,0.77,5.13,8897202843.17605,211124961.962243
"421","CR252238",120.58,28.94,167.16,7076299902.76571,139.662157879541
"422","CR252238",1.03,4.74,9.4,38709766590.8987,1963881417.18963
"423","CR252238",37.74,10.58,55.41,11213427796.265,28160251.9175314
"424","CR252239",98.7,23.69,136.17,1508142488.00348,1740510.46332796
"425","CR252239",120.58,28.94,167.16,7036463465.53076,63212148.4721511
"426","CR252239",1.03,4.74,9.4,637188597.606285,660758.764456025
"427","CR252239",0.73,0.77,5.13,47898053374.4299,1183552411.50039
"428","CR252239",1.03,4.74,9.4,38709766590.8987,613225185.991111
"429","CR252239",1.04,10.15,12.77,10276555269.6776,0.312762091286556
"430","CR252240",98.7,23.69,136.17,78125595.3831807,48748.7592835203
"431","CR252240",120.58,28.94,167.16,145448273.911623,2091043.55168972
"432","CR252240",1.03,4.74,9.4,95776736.0845105,256792.261904256
"433","CR252240",98.7,23.69,136.17,1508142488.00348,61492661.5432322
"434","CR252240",120.58,28.94,167.16,7036463465.53076,385439944.101816
"435","CR252240",1.03,4.74,9.4,637188597.606285,13519060.1081916
"436","CR252240",0.73,0.77,5.13,300672690.150814,6583278.30791719
"437","CR252240",1.04,10.15,12.77,11047968253.7415,5.50858649803001
"438","CR252240",1.04,10.15,12.77,1428680311.19128,18993.2808140725
"439","CR252240",0.73,0.77,5.13,47898053374.4299,858999208.669527
"440","CR252240",0.73,0.77,5.13,43692704.2308405,351720.177296981
"441","CR252240",0.73,0.77,5.13,8897202843.17605,3202819.37746715
"442","CR252240",1.03,4.74,9.4,38709766590.8987,924467419.907768
"443","CR252240",1.03,4.74,9.4,5133580946.8382,100225500.877154
"444","CR252240",1.04,10.15,12.77,10276555269.6776,681606.629418344
"445","CR252241",98.7,23.69,136.17,78125595.3831807,137955.979469993
"446","CR252241",120.58,28.94,167.16,145448273.911623,1969188.25936459
"447","CR252241",1.03,4.74,9.4,77473916.992449,0.00386777146195527
"448","CR252241",1.03,4.74,9.4,95776736.0845105,708724.35163068
"449","CR252241",98.7,23.69,136.17,1508142488.00348,64971236.0015258
"450","CR252241",120.58,28.94,167.16,7036463465.53076,359864366.145398
"451","CR252241",1.03,4.74,9.4,637188597.606285,25481376.2458182
"452","CR252241",0.73,0.77,5.13,300672690.150814,7884462.56834522
"453","CR252241",1.04,10.15,12.77,11047968253.7415,8.10304534900934
"454","CR252241",0.73,0.77,5.13,47898053374.4299,594105475.869812
"455","CR252241",0.73,0.77,5.13,43692704.2308405,2072455.08857067
"456","CR252241",37.74,10.58,55.51,2660646546.7248,3.00440529698234
"457","CR252241",0.73,0.77,5.13,8897202843.17605,52359094.0307211
"458","CR252241",120.58,28.94,167.16,7076299902.76571,28171466.3328999
"459","CR252241",1.03,4.74,9.4,38709766590.8987,1324220693.71152
"460","CR252241",37.74,10.58,55.41,11213427796.265,69877321.2861596
"461","CR252241",1.03,4.74,9.4,5133580946.8382,113424038.783247
"462","CR252241",1.04,10.15,12.77,10276555269.6776,22053322.3179526
"463","CR252242",98.7,23.69,136.17,1508142488.00348,1176588.46086298
"464","CR252242",120.58,28.94,167.16,7036463465.53076,14924798.2875996
"465","CR252242",1.03,4.74,9.4,637188597.606285,838000.418058552
"466","CR252242",0.73,0.77,5.13,300672690.150814,4728151.00009262
"467","CR252242",1.04,10.15,12.77,11047968253.7415,18.8279926171854
"468","CR252242",0.73,0.77,5.13,47898053374.4299,2037192882.67673
"469","CR252242",120.58,28.94,167.16,7076299902.76571,539065535.787712
"470","CR252242",1.03,4.74,9.4,38709766590.8987,27361857.0943331
"471","CR252242",37.74,10.58,55.41,11213427796.265,15680544.4780334
"472","CR252242",1.03,4.74,9.4,5133580946.8382,12939104.9861065
"473","CR252243",98.7,23.69,136.17,78125595.3831807,7.35542220836387
"474","CR252243",120.58,28.94,167.16,145448273.911623,839091.209721648
"475","CR252243",1.03,4.74,9.4,95776736.0845105,8.50588064480064
"476","CR252243",98.7,23.69,136.17,1508142488.00348,41774613.7692311
"477","CR252243",120.58,28.94,167.16,7036463465.53076,123008132.787448
"478","CR252243",1.03,4.74,9.4,637188597.606285,20086728.3149348
"479","CR252243",37.74,10.58,55.41,89927242.3204199,1313315.6867033
"480","CR252243",0.73,0.77,5.13,300672690.150814,3758904.45181546
"481","CR252243",1.04,10.15,12.77,11047968253.7415,66.0051327058004
"482","CR252243",1.03,4.74,9.4,1582939967.60133,11.2727011099196
"483","CR252243",5.95,19.87,26.51,189451060.025735,17.7881916568496
"484","CR252243",0.73,0.77,5.13,47898053374.4299,1506004530.5899
"485","CR252243",37.74,10.58,55.51,2660646546.7248,13.6832584943393
"486","CR252243",78.82,18.92,109.29,40689337.1357195,0.31127157015726
"487","CR252243",58.05,13.66,79.92,181205183.461674,0.819987895200029
"488","CR252243",1.03,4.74,9.4,38709766590.8987,806812897.501422
"489","CR252243",37.74,10.58,55.41,11213427796.265,128838345.227858
"490","CR252243",1.03,4.74,9.4,5133580946.8382,7833050.80700081
"491","CR252243",1.04,10.15,12.77,10276555269.6776,64.6900625521003
"492","CR252244",98.7,23.69,136.17,78125595.3831807,6.22057209722698
"493","CR252244",120.58,28.94,167.16,145448273.911623,416029.158207612
"494","CR252244",1.03,4.74,9.4,95776736.0845105,236748.639826417
"495","CR252244",98.7,23.69,136.17,1508142488.00348,28696491.7396878
"496","CR252244",120.58,28.94,167.16,7036463465.53076,114770152.722222
"497","CR252244",0,0,0,364691685.522491,0.96882390207611
"498","CR252244",1.03,4.74,9.4,637188597.606285,22804258.8309581
"499","CR252244",37.74,10.58,55.41,89927242.3204199,4087545.27587559
"500","CR252244",0.73,0.77,5.13,300672690.150814,2884608.47976664
"501","CR252244",1.04,10.15,12.77,11047968253.7415,99583.2747961556
"502","CR252244",1.04,10.15,12.77,1428680311.19128,23.1667109297639
"503","CR252244",1.03,4.74,9.4,1582939967.60133,9.36210812912762
"504","CR252244",0.73,0.77,5.13,47898053374.4299,319288834.724857
"505","CR252244",37.74,10.58,55.51,2660646546.7248,12.6587541807192
"506","CR252244",1.04,10.15,12.77,92000623.9823982,5.36904127380262
"507","CR252244",0.73,0.77,5.13,8897202843.17605,8.12610235924074
"508","CR252244",1.03,4.74,9.4,38709766590.8987,501468655.128166
"509","CR252244",37.74,10.58,55.41,11213427796.265,361938278.296701
"510","CR252244",1.03,4.74,9.4,5133580946.8382,105509175.459258
"511","CR252244",1.04,10.15,12.77,10276555269.6776,3526007.79933544
"512","CR253238",98.7,23.69,136.17,1508142488.00348,9440126.49094596
"513","CR253238",120.58,28.94,167.29,10970700.1841034,6701163.79230529
"514","CR253238",120.58,28.94,167.16,7036463465.53076,183440669.486266
"515","CR253238",1.03,4.74,9.4,637188597.606285,2436409.7675247
"516","CR253238",0.73,0.77,5.13,300672690.150814,1.4010017929112
"517","CR253238",1.04,10.15,12.77,11047968253.7415,7.11786204046777
"518","CR253238",0.73,0.77,5.13,8897202843.17605,17272499.9657224
"519","CR253238",120.58,28.94,167.16,7076299902.76571,7.89311594622367
"520","CR253238",1.03,4.74,9.4,38709766590.8987,1766458181.37806
"521","CR253238",37.74,10.58,55.41,11213427796.265,26.2840087807482
"522","CR253238",1.04,10.15,12.77,10276555269.6776,2.13254204085664
"523","CR253239",1.03,4.74,9.4,637188597.606285,969115.321109408
"524","CR253239",0.73,0.77,5.13,300672690.150814,79454.455320091
"525","CR253239",0.73,0.77,5.13,47898053374.4299,718037241.603773
"526","CR253239",1.03,4.74,9.4,2773769.00605245,1427928.21660065
"527","CR253239",1.03,4.74,9.4,254703236.410619,207466229.098191
"528","CR253239",0.73,0.77,5.13,8897202843.17605,117.589715513552
"529","CR253239",1.03,4.74,9.4,38709766590.8987,1548876153.22062
"530","CR253239",37.74,10.58,55.41,11213427796.265,11.1397852647898
"531","CR253239",120.58,28.94,167.16,49044685.2204831,18150133.9906601
"532","CR253239",1.04,10.15,12.77,3925420194.41519,28.5058974969292
"533","CR253239",1.04,10.15,12.77,10276555269.6776,0.310500392108224
"534","CR253240",98.7,23.69,136.17,78125595.3831807,287023.011841602
"535","CR253240",120.58,28.94,167.16,145448273.911623,2531249.93993835
"536","CR253240",98.7,23.69,136.17,1508142488.00348,53800159.5460165
"537","CR253240",120.58,28.94,167.29,10970700.1841034,3097332.11951947
"538","CR253240",120.58,28.94,167.16,7036463465.53076,472170075.222898
"539","CR253240",1.03,4.74,9.4,637188597.606285,1339212.17415209
"540","CR253240",37.74,10.58,55.41,89927242.3204199,6682289.56491075
"541","CR253240",0.73,0.77,5.13,300672690.150814,6569035.29282188
"542","CR253240",1.04,10.15,12.77,11047968253.7415,6.27321962427743
"543","CR253240",0.73,0.77,5.13,47898053374.4299,616753718.321567
"544","CR253240",1.03,4.74,9.4,2773769.00605245,1345838.81557784
"545","CR253240",0.73,0.77,5.13,43692704.2308405,1521853.76540694
"546","CR253240",120.58,28.94,167.16,214100.241980786,214091.017802439
"547","CR253240",1.03,4.74,9.4,254703236.410619,46623908.3279456
"548","CR253240",0.73,0.77,5.13,8897202843.17605,261055706.02063
"549","CR253240",1.03,4.74,9.4,38709766590.8987,173349985.509009
"550","CR253240",37.74,10.58,55.41,11213427796.265,128209529.516954
"551","CR253240",120.58,28.94,167.16,49044685.2204831,21539541.0560013
"552","CR253240",1.04,10.15,12.77,3925420194.41519,15.5280530076951
"553","CR253240",1.03,4.74,9.4,5133580946.8382,9838001.88688742
"554","CR253240",1.04,10.15,12.77,10276555269.6776,30.5052341006522
"555","CR253241",98.7,23.69,136.17,78125595.3831807,53903.1770890764
"556","CR253241",120.58,28.94,167.16,145448273.911623,3436201.32761719
"557","CR253241",98.7,23.69,136.17,1508142488.00348,44083250.4200431
"558","CR253241",120.58,28.94,167.16,7036463465.53076,366271359.844622
"559","CR253241",1.03,4.74,9.4,637188597.606285,1183059.87160317
"560","CR253241",37.74,10.58,55.41,89927242.3204199,20667402.4634462
"561","CR253241",0.73,0.77,5.13,300672690.150814,6181742.90157046
"562","CR253241",1.04,10.15,12.77,11047968253.7415,13.4548810313141
"563","CR253241",1.04,10.15,12.77,1428680311.19128,13.3645917759277
"564","CR253241",0.73,0.77,5.13,47898053374.4299,1275584188.01463
"565","CR253241",0.73,0.77,5.13,43692704.2308405,1354654.53904092
"566","CR253241",1.04,10.15,12.77,945534655.38946,1.70456209271455
"567","CR253241",0.73,0.77,5.13,8897202843.17605,300430504.971273
"568","CR253241",1.03,4.74,9.4,38709766590.8987,80887759.801333
"569","CR253241",37.74,10.58,55.41,11213427796.265,567162718.077439
"570","CR253241",1.04,10.15,12.77,10276555269.6776,17.7676476076551
"571","CR253242",120.58,28.94,167.16,7036463465.53076,10.3024602086536
"572","CR253242",0.73,0.77,5.13,300672690.150814,3090663.82773073
"573","CR253242",1.04,10.15,12.77,11047968253.7415,5.23623198957648
"574","CR253242",0.73,0.77,5.13,47898053374.4299,1436359673.18731
"575","CR253242",0.73,0.77,5.13,43692704.2308405,3074944.20321119
"576","CR253242",0.73,0.77,5.13,8897202843.17605,907005707.516374
"577","CR253242",120.58,28.94,167.16,7076299902.76571,304362363.078235
"578","CR253243",120.58,28.94,167.16,145448273.911623,141475.179371744
"579","CR253243",1.03,4.74,9.4,95776736.0845105,6.16802163118948
"580","CR253243",98.7,23.69,136.17,1508142488.00348,5881782.95224896
"581","CR253243",52.08,12.25,69.8,589642705.118406,0.202082867737772
"582","CR253243",120.58,28.94,167.16,7036463465.53076,29417587.2436497
"583","CR253243",1.03,4.74,9.4,637188597.606285,488028.074868398
"584","CR253243",37.74,10.58,55.41,89927242.3204199,2467672.45890713
"585","CR253243",0.73,0.77,5.13,300672690.150814,774480.580032781
"586","CR253243",1.04,10.15,12.77,11047968253.7415,30.3402256976755
"587","CR253243",1.03,4.74,9.4,1582939967.60133,26.1244283935185
"588","CR253243",0.73,0.77,5.13,47898053374.4299,1806811770.98027
"589","CR253243",0.73,0.77,5.13,43692704.2308405,8.91030773229431
"590","CR253243",37.74,10.58,55.51,2660646546.7248,25.2991771821125
"591","CR253243",0.73,0.77,5.13,8897202843.17605,177373413.64746
"592","CR253243",120.58,28.94,167.16,7076299902.76571,64471885.6690552
"593","CR253243",1.03,4.74,9.4,38709766590.8987,127917456.823541
"594","CR253243",37.74,10.58,55.41,11213427796.265,424534690.681352
"595","CR253243",1.04,10.15,12.77,10276555269.6776,12.4072263465167
"596","CR253244",120.58,28.94,167.16,145448273.911623,871550.449408159
"597","CR253244",1.03,4.74,9.4,95776736.0845105,2.06195085984655
"598","CR253244",98.7,23.69,136.17,1508142488.00348,7471193.94287514
"599","CR253244",120.58,28.94,167.16,7036463465.53076,155681418.414789
"600","CR253244",1.03,4.74,9.4,637188597.606285,457738.302907167
"601","CR253244",37.74,10.58,55.41,89927242.3204199,10643428.7963181
"602","CR253244",0.73,0.77,5.13,300672690.150814,95305.0744677186
"603","CR253244",1.04,10.15,12.77,11047968253.7415,0.00199459062773411
"604","CR253244",1.04,10.15,12.77,1428680311.19128,75.8431976703084
"605","CR253244",120.58,28.94,167.16,10274019.909778,8.7760616755113
"606","CR253244",1.03,4.74,9.4,1582939967.60133,6.14255475183018
"607","CR253244",0.73,0.77,5.13,47898053374.4299,860208748.88873
"608","CR253244",37.74,10.58,55.51,2660646546.7248,15.2025498103259
"609","CR253244",78.82,18.92,109.29,40689337.1357195,8.1435346125985
"610","CR253244",1.04,10.15,12.77,92000623.9823982,70.1077735598403
"611","CR253244",1.04,10.15,12.77,19871240.0412016,7.82954511129078
"612","CR253244",1.03,4.74,9.4,38709766590.8987,47771412.8068623
"613","CR253244",37.74,10.58,55.41,11213427796.265,1450412991.77764
"614","CR253244",1.03,4.74,9.4,5133580946.8382,13053349.0636823
"615","CR253244",1.04,10.15,12.77,10276555269.6776,7.07639775751159
"616","CR253245",98.7,23.69,136.17,1508142488.00348,8234499.57523643
"617","CR253245",52.08,12.25,69.8,589642705.118406,16486820.7109547
"618","CR253245",120.58,28.94,167.16,7036463465.53076,34101401.861115
"619","CR253245",1.03,4.74,9.4,637188597.606285,316683.692078862
"620","CR253245",37.74,10.58,55.41,89927242.3204199,1868848.07439324
"621","CR253245",0.73,0.77,5.13,300672690.150814,2634298.58463002
"622","CR253245",1.04,10.15,12.77,11047968253.7415,7.32542315823147
"623","CR253245",0.73,0.77,5.13,47898053374.4299,503478616.256016
"624","CR253245",0.73,0.77,5.13,43692704.2308405,5.09603588655591
"625","CR253245",37.74,10.58,55.51,2660646546.7248,0.0147513708973603
"626","CR253245",1.03,4.74,9.4,38709766590.8987,1333506.70257187
"627","CR253245",37.74,10.58,55.41,11213427796.265,358016613.575413
"628","CR253245",1.04,10.15,12.77,10276555269.6776,0.541500277875457
"629","CR254238",1.03,4.74,9.4,637188597.606285,1409147.693488
"630","CR254238",1.03,4.74,9.4,38709766590.8987,401724899.99348
"631","CR254239",1.03,4.74,9.4,637188597.606285,67020.9268498002
"632","CR254239",0.73,0.77,5.13,47898053374.4299,110284516.052573
"633","CR254239",1.03,4.74,9.4,254703236.410619,612968.178810989
"634","CR254239",1.03,4.74,9.4,38709766590.8987,460036731.299565
"635","CR254239",37.74,10.58,55.41,11213427796.265,12.3643070357788
"636","CR254239",120.58,28.94,167.16,49044685.2204831,9354961.90282747
"637","CR254239",1.04,10.15,12.77,3925420194.41519,17.3989306359954
"638","CR254240",98.7,23.69,136.17,78125595.3831807,2551475.27312979
"639","CR254240",52.08,12.25,69.8,6746662.89609597,1506310.51504442
"640","CR254240",120.58,28.94,167.16,145448273.911623,7171545.58955117
"641","CR254240",1.03,4.74,9.4,95776736.0845105,892702.616308476
"642","CR254240",98.7,23.69,136.17,1508142488.00348,68783484.3781009
"643","CR254240",52.08,12.25,69.8,589642705.118406,52145556.6344507
"644","CR254240",120.58,28.94,167.16,7036463465.53076,349298742.688331
"645","CR254240",1.03,4.74,9.4,637188597.606285,240920.104321349
"646","CR254240",37.74,10.58,55.41,89927242.3204199,4098310.82766929
"647","CR254240",0.73,0.77,5.13,300672690.150814,5502304.43201162
"648","CR254240",1.04,10.15,12.77,11047968253.7415,425732.683065858
"649","CR254240",0.73,0.77,5.13,47898053374.4299,322462626.172769
"650","CR254240",0.73,0.77,5.13,43692704.2308405,2736766.85283112
"651","CR254240",0.73,0.77,5.13,8897202843.17605,135609649.570225
"652","CR254240",1.03,4.74,9.4,38709766590.8987,507754.535566668
"653","CR254240",37.74,10.58,55.41,11213427796.265,109071113.525712
"654","CR254240",1.03,4.74,9.4,5133580946.8382,11573455.0610027
"655","CR254240",1.04,10.15,12.77,10276555269.6776,28.0565365888485
"656","CR254241",98.7,23.69,136.17,78125595.3831807,40286.9903374466
"657","CR254241",52.08,12.25,69.8,6746662.89609597,269150.306910591
"658","CR254241",120.58,28.94,167.16,145448273.911623,4550481.81948749
"659","CR254241",1.03,4.74,9.4,95776736.0845105,177464.31746977
"660","CR254241",98.7,23.69,136.17,1508142488.00348,49426667.7792048
"661","CR254241",52.08,12.25,69.8,589642705.118406,4792127.41846624
"662","CR254241",120.58,28.94,167.16,7036463465.53076,362105080.553043
"663","CR254241",1.03,4.74,9.4,637188597.606285,224675.784295004
"664","CR254241",37.74,10.58,55.41,89927242.3204199,25408205.3259612
"665","CR254241",0.73,0.77,5.13,300672690.150814,18093633.4179822
"666","CR254241",1.04,10.15,12.77,11047968253.7415,50284.0467119278
"667","CR254241",0.73,0.77,5.13,47898053374.4299,1217761165.83428
"668","CR254241",1.04,10.15,12.77,945534655.38946,8.23687806957484
"669","CR254241",0.73,0.77,5.13,8897202843.17605,143730810.021442
"670","CR254241",64.25,15.12,85.42,1369863.3606625,1369854.50332939
"671","CR254241",1.03,4.74,9.4,38709766590.8987,21279816.1779275
"672","CR254241",37.74,10.58,55.41,11213427796.265,805671610.181423
"673","CR254241",92.77,23.49,130.71,11085519.9519139,11085511.5818869
"674","CR254241",1.04,10.15,12.77,3925420194.41519,10.5392485656107
"675","CR254241",1.03,4.74,9.4,5133580946.8382,1264435.34432879
"676","CR254241",1.04,10.15,12.77,10276555269.6776,53.6750469706804
"677","CR254242",78.82,18.92,109.29,8157156894.52802,24849074.9814966
"678","CR254242",0.73,0.77,5.13,300672690.150814,129258.846609763
"679","CR254242",0.73,0.77,5.13,47898053374.4299,1049851088.28318
"680","CR254242",0.73,0.77,5.13,43692704.2308405,451275.62754933
"681","CR254242",120.58,28.94,167.16,1600476.79085388,328224.624119139
"682","CR254242",0.73,0.77,5.13,8897202843.17605,399663226.54579
"683","CR254242",120.58,28.94,167.16,7076299902.76571,1084707182.2311
"684","CR254242",58.05,13.66,79.92,181205183.461674,1714461.87390641
"685","CR254242",1.03,4.74,9.4,38709766590.8987,24566757.8224745
"686","CR254242",37.74,10.58,55.41,11213427796.265,67637646.0268164
"687","CR254243",62.65,15.04,86.05,764209375.708098,7.92699074919435
"688","CR254243",82.24,16.12,106.76,140280984.782943,26.8740489579144
"689","CR254243",78.82,18.92,109.29,8157156894.52802,24598314.1183975
"690","CR254243",0.73,0.77,5.13,300672690.150814,0.576575500657782
"691","CR254243",1.03,4.74,9.4,1582939967.60133,16.0532921507573
"692","CR254243",0.73,0.77,5.13,47898053374.4299,1622946610.16374
"693","CR254243",0.73,0.77,5.13,8897202843.17605,84035946.543754
"694","CR254243",120.58,28.94,167.16,7076299902.76571,142365957.803488
"695","CR254243",58.05,13.66,79.92,181205183.461674,3951066.42865036
"696","CR254243",1.03,4.74,9.4,38709766590.8987,49776915.2451063
"697","CR254243",37.74,10.58,55.41,11213427796.265,712619275.421662
"698","CR254243",1.04,10.15,12.77,10276555269.6776,33.7900668824407
"699","CR254244",78.82,18.92,109.29,8157156894.52802,4336022.71655773
"700","CR254244",1.04,10.15,12.77,1428680311.19128,0.180366110669254
"701","CR254244",0.73,0.77,5.13,47898053374.4299,308152328.131446
"702","CR254244",120.58,28.94,167.16,7076299902.76571,176202849.089338
"703","CR254244",58.05,13.66,79.92,181205183.461674,1894521.94148807
"704","CR254244",1.03,4.74,9.4,38709766590.8987,9408813.00558816
"705","CR254244",37.74,10.58,55.41,11213427796.265,2126476998.43133
"706","CR254245",52.08,12.25,69.8,6746662.89609597,65384.5881975911
"707","CR254245",120.58,28.94,167.16,145448273.911623,80676.3677808344
"708","CR254245",62.65,15.04,86.05,764209375.708098,18.9942634025754
"709","CR254245",98.7,23.69,136.17,1508142488.00348,21747194.8153321
"710","CR254245",52.08,12.25,69.8,589642705.118406,23556027.9714516
"711","CR254245",120.58,28.94,167.16,7036463465.53076,3540128.38923239
"712","CR254245",1.03,4.74,9.4,637188597.606285,6.80191801903699
"713","CR254245",0.73,0.77,5.13,300672690.150814,31547640.3326013
"714","CR254245",1.04,10.15,12.77,11047968253.7415,13.6851177247874
"715","CR254245",0.73,0.77,5.13,47898053374.4299,1345752933.15359
"716","CR254245",37.74,10.58,55.51,2660646546.7248,6212446.84132909
"717","CR254245",120.58,28.94,167.16,7076299902.76571,548720373.181707
"718","CR254245",37.74,10.58,55.51,5563925318.74425,405220217.60094
"719","CR254245",58.05,13.66,79.92,181205183.461674,0.265748915520675
"720","CR254245",1.03,4.74,9.4,38709766590.8987,1473927.28886596
"721","CR254245",37.74,10.58,55.41,11213427796.265,217337941.807882
"722","CR254245",1.03,4.74,9.4,5133580946.8382,735348.159132917
"723","CR254245",1.04,10.15,12.77,10276555269.6776,75752.5338851656
"724","CR254246",62.65,15.04,86.05,764209375.708098,10.8650375295717
"725","CR254246",1.03,4.74,9.4,95776736.0845105,3.90356096584583
"726","CR254246",98.7,23.69,136.17,1508142488.00348,5161131.39488272
"727","CR254246",52.08,12.25,69.8,589642705.118406,4621214.51256781
"728","CR254246",120.58,28.94,167.16,7036463465.53076,36.3757542354637
"729","CR254246",0,0,0,364691685.522491,2277427.01235455
"730","CR254246",1.03,4.74,9.4,637188597.606285,5.45183336664923
"731","CR254246",0.73,0.77,5.13,300672690.150814,6.17018008156447
"732","CR254246",1.04,10.15,12.77,11047968253.7415,13898724.3455816
"733","CR254246",1.04,10.15,12.77,1428680311.19128,4.31003554656576
"734","CR254246",0.73,0.77,5.13,47898053374.4299,90712220.3795716
"735","CR254246",37.74,10.58,55.51,2660646546.7248,30651240.6298902
"736","CR254246",37.74,10.58,55.51,5563925318.74425,435832139.790869
"737","CR254246",58.05,13.66,79.92,181205183.461674,6.30652959126746
"738","CR254246",0,0,0,1107339646.40207,2935695.95947453
"739","CR254246",1.03,4.74,9.4,38709766590.8987,168917.17770784
"740","CR254246",1.03,4.74,9.4,5133580946.8382,3.38312409154605
"741","CR254246",1.04,10.15,12.77,10276555269.6776,181074074.401184
"742","CR254247",62.65,15.04,86.05,764209375.708098,50.3146498534562
"743","CR254247",98.7,23.69,136.17,1508142488.00348,78.0188551315421
"744","CR254247",52.08,12.25,69.8,589642705.118406,41.9865199499287
"745","CR254247",0,0,0,364691685.522491,4235433.11800574
"746","CR254247",1.04,10.15,12.77,11047968253.7415,29969635.9398128
"747","CR254247",1.04,10.15,12.77,1428680311.19128,22461932.2769736
"748","CR254247",1.04,10.15,12.77,945534655.38946,51183490.904633
"749","CR254247",37.74,10.58,55.51,2660646546.7248,57203578.2688191
"750","CR254247",37.74,10.58,55.51,5563925318.74425,1515790416.73851
"751","CR254247",58.05,13.66,79.92,181205183.461674,9.82069712218072
"752","CR254247",1.03,4.74,9.4,5133580946.8382,16309832.1157572
"753","CR254247",1.04,10.15,12.77,10276555269.6776,159856964.988016
"754","CR254248",62.65,15.04,86.05,764209375.708098,6.04086207112491
"755","CR254248",98.7,23.69,136.17,1508142488.00348,23.0646422800186
"756","CR254248",0,0,0,364691685.522491,3117722.71302707
"757","CR254248",1.04,10.15,12.77,11047968253.7415,4116028.0796997
"758","CR254248",1.04,10.15,12.77,1428680311.19128,98144234.4213299
"759","CR254248",1.04,10.15,12.77,945534655.38946,7314137.02150985
"760","CR254248",37.74,10.58,55.51,2660646546.7248,24032831.0371572
"761","CR254248",37.74,10.58,55.51,5563925318.74425,433632002.933774
"762","CR254248",0,0,0,1107339646.40207,1305127.663767
"763","CR254248",1.03,4.74,9.4,5133580946.8382,35795748.1978786
"764","CR254248",1.04,10.15,12.77,10276555269.6776,53261499.9473631
"765","CR255240",98.7,23.69,136.17,78125595.3831807,139806.817092139
"766","CR255240",52.08,12.25,69.8,6746662.89609597,29183.5024590651
"767","CR255240",120.58,28.94,167.16,145448273.911623,543445.064985638
"768","CR255240",98.7,23.69,136.17,1508142488.00348,49193315.8095769
"769","CR255240",52.08,12.25,69.8,589642705.118406,15733293.5029744
"770","CR255240",120.58,28.94,167.16,7036463465.53076,24280594.5711321
"771","CR255240",1.03,4.74,9.4,637188597.606285,44340.2405347005
"772","CR255240",37.74,10.58,55.41,89927242.3204199,9.06822024984285
"773","CR255240",0.73,0.77,5.13,300672690.150814,4607406.82756494
"774","CR255240",1.04,10.15,12.77,11047968253.7415,1979952.73343235
"775","CR255240",0.73,0.77,5.13,47898053374.4299,718432153.105956
"776","CR255240",0.73,0.77,5.13,43692704.2308405,224071.271954272
"777","CR255240",1.04,10.15,12.77,945534655.38946,5.32982407523127
"778","CR255240",0.73,0.77,5.13,8897202843.17605,12408538.2624092
"779","CR255240",1.03,4.74,9.4,38709766590.8987,5957051.60236481
"780","CR255240",37.74,10.58,55.41,11213427796.265,2799523.91044518
"781","CR255240",1.04,10.15,12.77,10276555269.6776,23558886.9635984
"782","CR255241",98.7,23.69,136.17,78125595.3831807,3799040.50945721
"783","CR255241",52.08,12.25,69.8,6746662.89609597,2227403.42507825
"784","CR255241",120.58,28.94,167.16,145448273.911623,937939.452877806
"785","CR255241",1.03,4.74,9.4,95776736.0845105,358001.243201217
"786","CR255241",98.7,23.69,136.17,1508142488.00348,28913275.2112078
"787","CR255241",52.08,12.25,69.8,589642705.118406,66565966.0994567
"788","CR255241",120.58,28.94,167.16,7036463465.53076,142760122.969518
"789","CR255241",1.03,4.74,9.4,637188597.606285,292488.449686646
"790","CR255241",37.74,10.58,55.41,89927242.3204199,10251208.1167077
"791","CR255241",0.73,0.77,5.13,300672690.150814,21300774.9970449
"792","CR255241",1.04,10.15,12.77,11047968253.7415,14035497.3817246
"793","CR255241",0.73,0.77,5.13,47898053374.4299,1334796603.73478
"794","CR255241",0.73,0.77,5.13,43692704.2308405,5283036.10090126
"795","CR255241",1.04,10.15,12.77,945534655.38946,22.6027416353095
"796","CR255241",0.73,0.77,5.13,8897202843.17605,267318143.97407
"797","CR255241",120.58,28.94,167.16,7076299902.76571,494971540.876215
"798","CR255241",37.74,10.58,55.51,5563925318.74425,9.42685399949551
"799","CR255241",1.03,4.74,9.4,38709766590.8987,40334774.4806892
"800","CR255241",37.74,10.58,55.41,11213427796.265,166519554.366617
"801","CR255241",1.03,4.74,9.4,5133580946.8382,5355910.97944999
"802","CR255241",1.04,10.15,12.77,10276555269.6776,61280611.0634221
"803","CR255242",78.82,18.92,109.29,8157156894.52802,105134170.803623
"804","CR255242",1.03,4.74,9.4,637188597.606285,264006.81864973
"805","CR255242",37.74,10.58,55.41,89927242.3204199,125993.400864638
"806","CR255242",0.73,0.77,5.13,300672690.150814,738059.707116381
"807","CR255242",0.73,0.77,5.13,47898053374.4299,247256307.587318
"808","CR255242",78.82,18.92,109.29,40689337.1357195,166703.706586601
"809","CR255242",0.73,0.77,5.13,8897202843.17605,708992957.203065
"810","CR255242",120.58,28.94,167.16,7076299902.76571,1238387694.84551
"811","CR255242",37.74,10.58,55.51,5563925318.74425,164.074841883158
"812","CR255242",58.05,13.66,79.92,181205183.461674,12567257.8478442
"813","CR255242",1.03,4.74,9.4,38709766590.8987,114945100.472844
"814","CR255242",37.74,10.58,55.41,11213427796.265,225316051.081672
"815","CR255242",1.04,10.15,12.77,3925420194.41519,58.5892043975798
"816","CR255243",62.65,15.04,86.05,764209375.708098,17.5238908897488
"817","CR255243",82.24,16.12,106.76,140280984.782943,132079744.33364
"818","CR255243",78.82,18.92,109.29,8157156894.52802,1001304847.04855
"819","CR255243",0.73,0.77,5.13,300672690.150814,493863.694345447
"820","CR255243",0.73,0.77,5.13,47898053374.4299,402452566.177855
"821","CR255243",78.82,18.92,109.29,40689337.1357195,682444.848869621
"822","CR255243",0.73,0.77,5.13,8897202843.17605,63955464.5699312
"823","CR255243",120.58,28.94,167.16,7076299902.76571,38548653.0558252
"824","CR255243",58.05,13.66,79.92,181205183.461674,57428380.1531842
"825","CR255243",1.03,4.74,9.4,38709766590.8987,7790614.68330472
"826","CR255243",37.74,10.58,55.41,11213427796.265,935558952.115521
"827","CR255243",1.04,10.15,12.77,10276555269.6776,16.9750232305854
"828","CR255244",62.65,15.04,86.05,764209375.708098,62730893.9997463
"829","CR255244",82.24,16.12,106.76,140280984.782943,14.4097817485026
"830","CR255244",78.82,18.92,109.29,8157156894.52802,238816727.195425
"831","CR255244",98.7,23.69,136.17,1508142488.00348,4.10354215134351
"832","CR255244",0.73,0.77,5.13,300672690.150814,5905375.14902014
"833","CR255244",0.73,0.77,5.13,47898053374.4299,799261861.738135
"834","CR255244",37.74,10.58,55.51,2660646546.7248,17045578.4074199
"835","CR255244",62.65,15.04,86.05,54585075.7176183,1064117.95979357
"836","CR255244",0.73,0.77,5.13,8897202843.17605,18958246.3044557
"837","CR255244",120.58,28.94,167.16,7076299902.76571,34299570.7228099
"838","CR255244",37.74,10.58,55.51,5563925318.74425,405009030.654549
"839","CR255244",58.05,13.66,79.92,181205183.461674,4787323.09449906
"840","CR255244",1.03,4.74,9.4,38709766590.8987,1529064.39276793
"841","CR255244",37.74,10.58,55.41,11213427796.265,1037001259.18985
"842","CR255244",1.04,10.15,12.77,10276555269.6776,70309.9820388545
"843","CR255245",52.08,12.25,69.8,6746662.89609597,198696.086934423
"844","CR255245",62.65,15.04,86.05,764209375.708098,80.6688155144013
"845","CR255245",98.7,23.69,136.17,1508142488.00348,30754669.5693587
"846","CR255245",52.08,12.25,69.8,589642705.118406,44203426.180633
"847","CR255245",120.58,28.94,167.16,7036463465.53076,428380.886672747
"848","CR255245",0,0,0,364691685.522491,22096981.99286
"849","CR255245",0.73,0.77,5.13,300672690.150814,7145176.70532115
"850","CR255245",1.04,10.15,12.77,11047968253.7415,60430579.0483724
"851","CR255245",0.73,0.77,5.13,47898053374.4299,307321711.160234
"852","CR255245",37.74,10.58,55.51,2660646546.7248,146486373.438778
"853","CR255245",78.82,18.92,109.29,40689337.1357195,5.99416561198096
"854","CR255245",37.74,10.58,55.51,5563925318.74425,1064012285.64626
"855","CR255245",58.05,13.66,79.92,181205183.461674,32.426284107191
"856","CR255245",0,0,0,1107339646.40207,3036363.97940036
"857","CR255245",1.03,4.74,9.4,38709766590.8987,191395.155469647
"858","CR255245",37.74,10.58,55.41,11213427796.265,5953014.57717969
"859","CR255245",1.03,4.74,9.4,5133580946.8382,28561074.9826412
"860","CR255245",1.04,10.15,12.77,10276555269.6776,311741678.765567
"861","CR255246",98.7,23.69,136.17,1508142488.00348,3.16169667137554
"862","CR255246",52.08,12.25,69.8,589642705.118406,10.212587850343
"863","CR255246",120.58,28.94,167.29,10970700.1841034,0.954841145389935
"864","CR255246",120.58,28.94,167.16,7036463465.53076,32.5300305745895
"865","CR255246",0,0,0,364691685.522491,368826.988995604
"866","CR255246",1.04,10.15,12.77,11047968253.7415,58065244.570798
"867","CR255246",1.04,10.15,12.77,1428680311.19128,48963308.4996755
"868","CR255246",1.04,10.15,12.77,945534655.38946,77376447.1064812
"869","CR255246",37.74,10.58,55.51,2660646546.7248,23057426.7396444
"870","CR255246",37.74,10.58,55.51,5563925318.74425,266480856.647882
"871","CR255246",0,0,0,1107339646.40207,39595174.3071374
"872","CR255246",1.03,4.74,9.4,5133580946.8382,2458511.71526615
"873","CR255246",1.04,10.15,12.77,10276555269.6776,345110895.850222
"874","CR255247",62.65,15.04,86.05,764209375.708098,4.70855524209682
"875","CR255247",98.7,23.69,136.17,1508142488.00348,8.18370478350122
"876","CR255247",52.08,12.25,69.8,589642705.118406,2.49702667095698
"877","CR255247",0,0,0,364691685.522491,237.378935397403
"878","CR255247",1.04,10.15,12.77,11047968253.7415,5183912.19801794
"879","CR255247",1.04,10.15,12.77,1428680311.19128,87173556.1557105
"880","CR255247",1.04,10.15,12.77,945534655.38946,62291361.8416127
"881","CR255247",37.74,10.58,55.51,2660646546.7248,825003.465635707
"882","CR255247",0.73,0.77,5.13,8897202843.17605,2.10501752868769
"883","CR255247",37.74,10.58,55.51,5563925318.74425,351213271.669391
"884","CR255247",58.05,13.66,79.92,181205183.461674,45.7831825866006
"885","CR255247",0,0,0,1107339646.40207,30981595.8351378
"886","CR255247",1.03,4.74,9.4,5133580946.8382,4903810.06412126
"887","CR255247",1.04,10.15,12.77,10276555269.6776,36030958.1331132
"888","CR256240",98.7,23.69,136.17,78125595.3831807,19384991.4190718
"889","CR256240",52.08,12.25,69.8,6746662.89609597,871323.670092359
"890","CR256240",120.58,28.94,167.16,145448273.911623,704760.497494924
"891","CR256240",98.7,23.69,136.17,1508142488.00348,195687286.532698
"892","CR256240",52.08,12.25,69.8,589642705.118406,65654069.1123719
"893","CR256240",120.58,28.94,167.16,7036463465.53076,86298115.441201
"894","CR256240",1.03,4.74,9.4,637188597.606285,1878760.35457346
"895","CR256240",37.74,10.58,55.41,89927242.3204199,2.24965424570837
"896","CR256240",0.73,0.77,5.13,300672690.150814,3475303.38704426
"897","CR256240",1.04,10.15,12.77,11047968253.7415,3937489.19906781
"898","CR256240",0.73,0.77,5.13,47898053374.4299,686957399.847964
"899","CR256240",0.73,0.77,5.13,43692704.2308405,1380724.84528851
"900","CR256240",62.65,15.04,86.05,54585075.7176183,12.0029068142176
"901","CR256240",0.73,0.77,5.13,8897202843.17605,48777695.6987083
"902","CR256240",120.58,28.94,167.16,7076299902.76571,8.22819493350107
"903","CR256240",1.03,4.74,9.4,38709766590.8987,103581845.057776
"904","CR256240",1.03,4.74,9.4,5133580946.8382,28.8519545277143
"905","CR256240",1.04,10.15,12.77,10276555269.6776,1262126.74312607
"906","CR256241",98.7,23.69,136.17,78125595.3831807,4684017.93110626
"907","CR256241",52.08,12.25,69.8,6746662.89609597,821673.374712186
"908","CR256241",120.58,28.94,167.16,145448273.911623,1200421.54737035
"909","CR256241",98.7,23.69,136.17,1508142488.00348,75273641.8773748
"910","CR256241",52.08,12.25,69.8,589642705.118406,30079382.9467792
"911","CR256241",120.58,28.94,167.16,7036463465.53076,132612769.615764
"912","CR256241",0,0,0,364691685.522491,16.7151211458702
"913","CR256241",1.03,4.74,9.4,637188597.606285,260209.671994611
"914","CR256241",37.74,10.58,55.41,89927242.3204199,778707.714632263
"915","CR256241",0.73,0.77,5.13,300672690.150814,18680748.1305801
"916","CR256241",1.04,10.15,12.77,11047968253.7415,725553.102130843
"917","CR256241",0.73,0.77,5.13,47898053374.4299,1081289461.33615
"918","CR256241",0.73,0.77,5.13,43692704.2308405,1685050.80736981
"919","CR256241",1.04,10.15,12.77,945534655.38946,20.5536379021065
"920","CR256241",0.73,0.77,5.13,8897202843.17605,423983105.573447
"921","CR256241",120.58,28.94,167.16,7076299902.76571,264960221.379989
"922","CR256241",37.74,10.58,55.51,5563925318.74425,98.3959252290713
"923","CR256241",1.03,4.74,9.4,38709766590.8987,24617730.73946
"924","CR256241",37.74,10.58,55.41,11213427796.265,600742437.847688
"925","CR256241",1.03,4.74,9.4,5133580946.8382,17.8286864436475
"926","CR256241",1.04,10.15,12.77,10276555269.6776,4912033.92975301
"927","CR256242",62.65,15.04,86.05,764209375.708098,12435176.1524669
"928","CR256242",82.24,16.12,106.76,140280984.782943,757921.320237404
"929","CR256242",78.82,18.92,109.29,8157156894.52802,1065032142.32491
"930","CR256242",98.7,23.69,136.17,1508142488.00348,11.1618249135347
"931","CR256242",1.03,4.74,9.4,637188597.606285,541243.439684929
"932","CR256242",37.74,10.58,55.41,89927242.3204199,71194.58623443
"933","CR256242",0.73,0.77,5.13,47898053374.4299,92623848.9440393
"934","CR256242",0.73,0.77,5.13,43692704.2308405,117213.941601665
"935","CR256242",62.65,15.04,86.05,54585075.7176183,374112.02087887
"936","CR256242",78.82,18.92,109.29,40689337.1357195,1994522.17136809
"937","CR256242",1.04,10.15,12.77,92000623.9823982,349014.380602048
"938","CR256242",0.73,0.77,5.13,8897202843.17605,968681907.731285
"939","CR256242",120.58,28.94,167.16,7076299902.76571,193660776.085941
"940","CR256242",37.74,10.58,55.51,5563925318.74425,12.8646716530516
"941","CR256242",58.05,13.66,79.92,181205183.461674,3388350.84073666
"942","CR256242",1.03,4.74,9.4,38709766590.8987,261869002.244331
"943","CR256242",37.74,10.58,55.41,11213427796.265,46240640.2776019
"944","CR256242",1.04,10.15,12.77,3925420194.41519,5755062.56347126
"945","CR256242",1.04,10.15,12.77,221098806.730766,8.94210108395071
"946","CR256243",62.65,15.04,86.05,764209375.708098,24631408.5550308
"947","CR256243",82.24,16.12,106.76,140280984.782943,6.00951008771546
"948","CR256243",78.82,18.92,109.29,8157156894.52802,1872585397.46825
"949","CR256243",98.7,23.69,136.17,1508142488.00348,5.77099264180499
"950","CR256243",0.73,0.77,5.13,300672690.150814,4005411.01932785
"951","CR256243",1.04,10.15,12.77,11047968253.7415,149393.642609399
"952","CR256243",0.73,0.77,5.13,47898053374.4299,104492443.704899
"953","CR256243",62.65,15.04,86.05,54585075.7176183,971610.200952419
"954","CR256243",78.82,18.92,109.29,40689337.1357195,5083640.19302884
"955","CR256243",1.04,10.15,12.77,92000623.9823982,6943642.83126161
"956","CR256243",0.73,0.77,5.13,8897202843.17605,240681622.109626
"957","CR256243",58.05,13.66,79.92,181205183.461674,32481852.1397463
"958","CR256243",1.03,4.74,9.4,38709766590.8987,31743333.7824082
"959","CR256243",37.74,10.58,55.41,11213427796.265,1613259.40952757
"960","CR256243",1.04,10.15,12.77,3925420194.41519,236422374.573785
"961","CR256243",1.04,10.15,12.77,221098806.730766,1.00963082515475
"962","CR256243",1.03,4.74,9.4,5133580946.8382,627806.193292586
"963","CR256243",1.04,10.15,12.77,10276555269.6776,4677950.80105282
"964","CR256244",62.65,15.04,86.05,764209375.708098,78522856.9794932
"965","CR256244",78.82,18.92,109.29,8157156894.52802,355009616.618562
"966","CR256244",1.03,4.74,9.4,95776736.0845105,3196153.94265372
"967","CR256244",98.7,23.69,136.17,1508142488.00348,39.9790052055584
"968","CR256244",52.08,12.25,69.8,589642705.118406,26.128754845151
"969","CR256244",120.58,28.94,167.16,7036463465.53076,193.824426151812
"970","CR256244",0,0,0,364691685.522491,5898194.29144279
"971","CR256244",1.03,4.74,9.4,637188597.606285,2.44825641579369
"972","CR256244",37.74,10.58,55.41,89927242.3204199,278618.871000843
"973","CR256244",0.73,0.77,5.13,300672690.150814,24269.0518395519
"974","CR256244",1.04,10.15,12.77,11047968253.7415,77191226.6624533
"975","CR256244",1.04,10.15,12.77,1428680311.19128,23720074.5830007
"976","CR256244",0.73,0.77,5.13,47898053374.4299,5437086.61948273
"977","CR256244",0.73,0.77,5.13,43692704.2308405,3242654.60980907
"978","CR256244",1.04,10.15,12.77,945534655.38946,1289737.84677038
"979","CR256244",37.74,10.58,55.51,2660646546.7248,3559077.42074014
"980","CR256244",58.05,13.66,79.92,3612776.60806561,249187.162647116
"981","CR256244",62.65,15.04,86.05,54585075.7176183,1197495.19045593
"982","CR256244",78.82,18.92,109.29,40689337.1357195,1000331.16407305
"983","CR256244",1.04,10.15,12.77,92000623.9823982,9491750.70829966
"984","CR256244",0.73,0.77,5.13,8897202843.17605,99851714.2877233
"985","CR256244",37.74,10.58,55.51,5563925318.74425,139951009.704963
"986","CR256244",58.05,13.66,79.92,181205183.461674,8729983.36276126
"987","CR256244",0,0,0,1107339646.40207,27086895.0563492
"988","CR256244",1.03,4.74,9.4,38709766590.8987,14.2537862810425
"989","CR256244",37.74,10.58,55.41,11213427796.265,28553887.0530637
"990","CR256244",1.04,10.15,12.77,3925420194.41519,331692816.192581
"991","CR256244",1.03,4.74,9.4,5133580946.8382,30742059.2660576
"992","CR256244",1.04,10.15,12.77,10276555269.6776,515249048.150758
"993","CR256245",62.65,15.04,86.05,764209375.708098,49.1475224683347
"994","CR256245",78.82,18.92,109.29,8157156894.52802,3362957.02851103
"995","CR256245",98.7,23.69,136.17,1508142488.00348,41.8954549131869
"996","CR256245",52.08,12.25,69.8,589642705.118406,9.54293088162994
"997","CR256245",120.58,28.94,167.16,7036463465.53076,96.7553795785444
"998","CR256245",0,0,0,364691685.522491,1234468.38859717
"999","CR256245",1.03,4.74,9.4,637188597.606285,0.453983100887964
"1000","CR256245",37.74,10.58,55.41,89927242.3204199,5.78956986585411
"1001","CR256245",0.73,0.77,5.13,300672690.150814,8.20525914756581
"1002","CR256245",1.04,10.15,12.77,11047968253.7415,30821158.8607857
"1003","CR256245",1.04,10.15,12.77,1428680311.19128,216115109.530137
"1004","CR256245",1.04,10.15,12.77,945534655.38946,23049665.0429609
"1005","CR256245",37.74,10.58,55.51,2660646546.7248,7453884.09939444
"1006","CR256245",58.05,13.66,79.92,3612776.60806561,813602.923387954
"1007","CR256245",62.65,15.04,86.05,54585075.7176183,15427.0300616669
"1008","CR256245",78.82,18.92,109.29,40689337.1357195,20482.3230777401
"1009","CR256245",37.74,10.58,55.51,5563925318.74425,231242167.288034
"1010","CR256245",58.05,13.66,79.92,181205183.461674,12.2323532091994
"1011","CR256245",0,0,0,1107339646.40207,28906520.1854306
"1012","CR256245",1.03,4.74,9.4,5133580946.8382,233964.64143522
"1013","CR256245",1.04,10.15,12.77,10276555269.6776,787693201.425449
"1014","CR256246",120.58,28.94,167.16,7036463465.53076,0.0149980908317957
"1015","CR256246",1.04,10.15,12.77,11047968253.7415,97911.220466556
"1016","CR256246",1.04,10.15,12.77,1428680311.19128,112566616.272479
"1017","CR256246",1.04,10.15,12.77,945534655.38946,725739.747994524
"1018","CR256246",0,0,0,1107339646.40207,5433035.50147975
"1019","CR256246",1.03,4.74,9.4,5133580946.8382,1736451.32050827
"1020","CR256246",1.04,10.15,12.77,10276555269.6776,69413884.201107
"1021","CR257240",98.7,23.69,136.17,78125595.3831807,35811054.4880419
"1022","CR257240",52.08,12.25,69.8,6746662.89609597,474228.794160825
"1023","CR257240",120.58,28.94,167.16,145448273.911623,245636.597282272
"1024","CR257240",98.7,23.69,136.17,1508142488.00348,100263215.234127
"1025","CR257240",52.08,12.25,69.8,589642705.118406,99272257.8159721
"1026","CR257240",120.58,28.94,167.16,7036463465.53076,137835047.813728
"1027","CR257240",1.03,4.74,9.4,637188597.606285,1035606.41887987
"1028","CR257240",0.73,0.77,5.13,300672690.150814,2790809.70905646
"1029","CR257240",1.04,10.15,12.77,11047968253.7415,11630186.5971712
"1030","CR257240",0.73,0.77,5.13,47898053374.4299,268438710.554593
"1031","CR257240",0.73,0.77,5.13,43692704.2308405,3083505.63681996
"1032","CR257240",1.04,10.15,12.77,92000623.9823982,1061022.38791144
"1033","CR257240",0.73,0.77,5.13,8897202843.17605,970723687.726001
"1034","CR257240",120.58,28.94,167.16,7076299902.76571,1.33128425717917
"1035","CR257240",1.03,4.74,9.4,38709766590.8987,49839627.4391843
"1036","CR257240",1.04,10.15,12.77,3925420194.41519,49805777.6957501
"1037","CR257240",1.03,4.74,9.4,5133580946.8382,9.2114135963245
"1038","CR257240",1.04,10.15,12.77,10276555269.6776,95325060.91016
"1039","CR257241",52.08,12.25,69.8,6746662.89609597,237815.176773753
"1040","CR257241",120.58,28.94,167.16,145448273.911623,367644.324315066
"1041","CR257241",62.65,15.04,86.05,764209375.708098,6.80699092894793
"1042","CR257241",82.24,16.12,106.76,140280984.782943,5980054.28504771
"1043","CR257241",78.82,18.92,109.29,8157156894.52802,646328259.675452
"1044","CR257241",98.7,23.69,136.17,1508142488.00348,26760371.5571133
"1045","CR257241",52.08,12.25,69.8,589642705.118406,4772102.8851656
"1046","CR257241",120.58,28.94,167.16,7036463465.53076,39690880.1025324
"1047","CR257241",1.03,4.74,9.4,637188597.606285,1754999.12657592
"1048","CR257241",37.74,10.58,55.41,89927242.3204199,1056384.41567679
"1049","CR257241",0.73,0.77,5.13,300672690.150814,8577556.21194104
"1050","CR257241",0.73,0.77,5.13,47898053374.4299,645889568.874444
"1051","CR257241",1.04,10.15,12.77,945534655.38946,1.02940133950165
"1052","CR257241",78.82,18.92,109.29,40689337.1357195,147260.172642247
"1053","CR257241",1.04,10.15,12.77,92000623.9823982,751286.172730866
"1054","CR257241",0.73,0.77,5.13,8897202843.17605,366791744.057257
"1055","CR257241",58.05,13.66,79.92,181205183.461674,2887134.37683335
"1056","CR257241",64.25,15.12,85.42,1369863.3606625,8.85733311297372
"1057","CR257241",1.03,4.74,9.4,38709766590.8987,415188033.485628
"1058","CR257241",37.74,10.58,55.41,11213427796.265,462191372.353581
"1059","CR257241",92.77,23.49,130.71,11085519.9519139,8.37002695165575
"1060","CR257241",120.58,28.94,167.16,49044685.2204831,10.7808369831595
"1061","CR257241",1.04,10.15,12.77,3925420194.41519,37934533.4386072
"1062","CR257241",1.03,4.74,9.4,5133580946.8382,7.81814851146191
"1063","CR257241",1.04,10.15,12.77,10276555269.6776,13.6235489295135
"1064","CR257242",62.65,15.04,86.05,764209375.708098,10371013.9615357
"1065","CR257242",82.24,16.12,106.76,140280984.782943,1463198.22472488
"1066","CR257242",78.82,18.92,109.29,8157156894.52802,1495864269.8354
"1067","CR257242",1.03,4.74,9.4,95776736.0845105,1231268.19363062
"1068","CR257242",98.7,23.69,136.17,1508142488.00348,22.6929406415501
"1069","CR257242",120.58,28.94,167.16,7036463465.53076,3.35094694187865
"1070","CR257242",0,0,0,364691685.522491,179716.968465927
"1071","CR257242",1.04,10.15,12.77,11047968253.7415,2188868.77746045
"1072","CR257242",58.05,13.66,79.92,3612776.60806561,49632.0218233019
"1073","CR257242",62.65,15.04,86.05,54585075.7176183,344215.240690059
"1074","CR257242",78.82,18.92,109.29,40689337.1357195,16440488.3911395
"1075","CR257242",1.04,10.15,12.77,92000623.9823982,30580220.1980275
"1076","CR257242",0.73,0.77,5.13,8897202843.17605,68308560.1056077
"1077","CR257242",58.05,13.66,79.92,181205183.461674,2381055.22858063
"1078","CR257242",0,0,0,1107339646.40207,0.458196349383797
"1079","CR257242",1.03,4.74,9.4,38709766590.8987,3279273.91980551
"1080","CR257242",1.04,10.15,12.77,3925420194.41519,863446452.918667
"1081","CR257242",1.04,10.15,12.77,221098806.730766,90.1355332027352
"1082","CR257242",1.03,4.74,9.4,5133580946.8382,4348781.70123158
"1083","CR257242",1.04,10.15,12.77,10276555269.6776,153421293.874867
"1084","CR257243",62.65,15.04,86.05,764209375.708098,173068918.760636
"1085","CR257243",78.82,18.92,109.29,8157156894.52802,127014254.868811
"1086","CR257243",1.03,4.74,9.4,95776736.0845105,791723.735279911
"1087","CR257243",98.7,23.69,136.17,1508142488.00348,41.3349398992937
"1088","CR257243",120.58,28.94,167.16,7036463465.53076,57.368846485378
"1089","CR257243",1.04,10.15,12.77,11047968253.7415,37504366.9325229
"1090","CR257243",58.05,13.66,79.92,3612776.60806561,26921.9739164248
"1091","CR257243",62.65,15.04,86.05,54585075.7176183,9697001.49486453
"1092","CR257243",78.82,18.92,109.29,40689337.1357195,4862495.64465806
"1093","CR257243",1.04,10.15,12.77,92000623.9823982,13609432.0150555
"1094","CR257243",58.05,13.66,79.92,181205183.461674,1649174.16933317
"1095","CR257243",0,0,0,1107339646.40207,5.82988186846249
"1096","CR257243",37.74,10.58,55.41,11213427796.265,4.0530819171954
"1097","CR257243",1.04,10.15,12.77,3925420194.41519,710409077.577236
"1098","CR257243",1.04,10.15,12.77,221098806.730766,1.64469950546142
"1099","CR257243",1.03,4.74,9.4,5133580946.8382,9302428.35639723
"1100","CR257243",1.04,10.15,12.77,10276555269.6776,160349367.531492
"1101","CR257244",1.03,4.74,9.4,95776736.0845105,662579.622788513
"1102","CR257244",52.08,12.25,69.8,589642705.118406,9.52637601178139
"1103","CR257244",0,0,0,364691685.522491,971051.062022461
"1104","CR257244",1.04,10.15,12.77,11047968253.7415,86340308.2358473
"1105","CR257244",1.04,10.15,12.77,1428680311.19128,53760172.4337473
"1106","CR257244",0.73,0.77,5.13,8897202843.17605,8.24605584834701
"1107","CR257244",0,0,0,1107339646.40207,42634853.3064659
"1108","CR257244",1.03,4.74,9.4,38709766590.8987,4.61092481156811
"1109","CR257244",1.03,4.74,9.4,5133580946.8382,33592479.4898949
"1110","CR257244",1.04,10.15,12.77,10276555269.6776,253419879.495956
"1111","CR258240",98.7,23.69,136.17,78125595.3831807,1241665.03108188
"1112","CR258240",52.08,12.25,69.8,6746662.89609597,45466.7762631962
"1113","CR258240",120.58,28.94,167.16,145448273.911623,9.91369872126005
"1114","CR258240",62.65,15.04,86.05,764209375.708098,193752023.47605
"1115","CR258240",82.24,16.12,106.76,140280984.782943,18.1072916478394
"1116","CR258240",78.82,18.92,109.29,8157156894.52802,213618006.077513
"1117","CR258240",1.03,4.74,9.4,95776736.0845105,2108.44633291662
"1118","CR258240",98.7,23.69,136.17,1508142488.00348,50916324.529706
"1119","CR258240",52.08,12.25,69.8,589642705.118406,137782523.958985
"1120","CR258240",120.58,28.94,167.29,10970700.1841034,999480.280555081
"1121","CR258240",120.58,28.94,167.16,7036463465.53076,90841474.5475453
"1122","CR258240",1.03,4.74,9.4,637188597.606285,10.4032766946341
"1123","CR258240",37.74,10.58,55.41,89927242.3204199,18.1492535419122
"1124","CR258240",0.73,0.77,5.13,300672690.150814,44.9915943936248
"1125","CR258240",1.04,10.15,12.77,11047968253.7415,42649561.1120752
"1126","CR258240",0.73,0.77,5.13,43692704.2308405,2430561.56484343
"1127","CR258240",58.05,13.66,79.92,3612776.60806561,542767.812894382
"1128","CR258240",62.65,15.04,86.05,54585075.7176183,36361.9367747943
"1129","CR258240",78.82,18.92,109.29,40689337.1357195,49096.9063245846
"1130","CR258240",1.04,10.15,12.77,92000623.9823982,402987.761302815
"1131","CR258240",0.73,0.77,5.13,8897202843.17605,717282539.066145
"1132","CR258240",120.58,28.94,167.16,7076299902.76571,15.3379218773916
"1133","CR258240",58.05,13.66,79.92,181205183.461674,29207238.253431
"1134","CR258240",1.04,10.15,12.77,3925420194.41519,26443704.8564366
"1135","CR258240",1.03,4.74,9.4,5133580946.8382,34522829.5298642
"1136","CR258240",1.04,10.15,12.77,10276555269.6776,367120073.875071
"1137","CR258241",62.65,15.04,86.05,764209375.708098,138377670.634849
"1138","CR258241",82.24,16.12,106.76,140280984.782943,1.21866021948174
"1139","CR258241",78.82,18.92,109.29,8157156894.52802,629409695.690184
"1140","CR258241",98.7,23.69,136.17,1508142488.00348,20.1124845806178
"1141","CR258241",120.58,28.94,167.16,7036463465.53076,20.0377151512352
"1142","CR258241",0,0,0,364691685.522491,2907350.90798517
"1143","CR258241",1.03,4.74,9.4,637188597.606285,1135938.94845349
"1144","CR258241",0.73,0.77,5.13,300672690.150814,3196401.50668959
"1145","CR258241",1.04,10.15,12.77,11047968253.7415,97806782.6830372
"1146","CR258241",0.73,0.77,5.13,47898053374.4299,102933734.048482
"1147","CR258241",58.05,13.66,79.92,3612776.60806561,1227269.65861555
"1148","CR258241",62.65,15.04,86.05,54585075.7176183,11892248.5873297
"1149","CR258241",78.82,18.92,109.29,40689337.1357195,4276746.80693318
"1150","CR258241",1.04,10.15,12.77,92000623.9823982,15578693.6837018
"1151","CR258241",58.05,13.66,79.92,181205183.461674,11762975.9765437
"1152","CR258241",0,0,0,1107339646.40207,7681771.43164952
"1153","CR258241",1.03,4.74,9.4,38709766590.8987,70508703.3510825
"1154","CR258241",37.74,10.58,55.41,11213427796.265,82092.7316459966
"1155","CR258241",120.58,28.94,167.16,49044685.2204831,37.4686104301148
"1156","CR258241",1.04,10.15,12.77,3925420194.41519,652183286.254427
"1157","CR258241",1.03,4.74,9.4,5133580946.8382,259690.956880656
"1158","CR258241",1.04,10.15,12.77,10276555269.6776,27577347.4588739
"1159","CR258242",62.65,15.04,86.05,764209375.708098,14131607.6840236
"1160","CR258242",78.82,18.92,109.29,8157156894.52802,105245992.050704
"1161","CR258242",98.7,23.69,136.17,1508142488.00348,6.02254954360929
"1162","CR258242",120.58,28.94,167.16,7036463465.53076,6.11367874771724
"1163","CR258242",1.04,10.15,12.77,11047968253.7415,26267002.446522
"1164","CR258242",0.73,0.77,5.13,47898053374.4299,0.396807576529682
"1165","CR258242",1.04,10.15,12.77,945534655.38946,0.127976642223075
"1166","CR258242",62.65,15.04,86.05,54585075.7176183,195228.546636037
"1167","CR258242",78.82,18.92,109.29,40689337.1357195,3895736.18201022
"1168","CR258242",1.04,10.15,12.77,92000623.9823982,6842693.71953551
"1169","CR258242",58.05,13.66,79.92,181205183.461674,775230.814071225
"1170","CR258242",1.04,10.15,12.77,3925420194.41519,176848912.800945
"1171","CR258242",1.04,10.15,12.77,221098806.730766,11.2484991290222
"1172","CR258242",1.04,10.15,12.77,10276555269.6776,108614708.574568
"1173","CR258243",1.03,4.74,9.4,95776736.0845105,40208.3783417241
"1174","CR258243",120.58,28.94,167.16,7036463465.53076,7.50724949762427
"1175","CR258243",0,0,0,364691685.522491,12098041.5495118
"1176","CR258243",126.3,30.31,174.38,3512343.76839284,0.570863079745322
"1177","CR258243",1.04,10.15,12.77,11047968253.7415,53139736.9333953
"1178","CR258243",1.04,10.15,12.77,1428680311.19128,1336811.13995441
"1179","CR258243",120.58,28.94,167.16,7076299902.76571,3.18005561125891
"1180","CR258243",0,0,0,1107339646.40207,22079777.0253343
"1181","CR258243",1.03,4.74,9.4,38709766590.8987,0.126384177012369
"1182","CR258243",37.74,10.58,55.41,11213427796.265,6.91149809930093
"1183","CR258243",1.03,4.74,9.4,5133580946.8382,12865007.7666024
"1184","CR258243",1.04,10.15,12.77,10276555269.6776,409782127.685755
"1185","CR258244",1.03,4.74,9.4,95776736.0845105,132.861380701885
"1186","CR258244",120.58,28.94,167.16,7036463465.53076,9.68819690753817
"1187","CR258244",0,0,0,364691685.522491,222816.142595733
"1188","CR258244",1.04,10.15,12.77,11047968253.7415,13464701.2598109
"1189","CR258244",1.04,10.15,12.77,1428680311.19128,7744308.92413048
"1190","CR258244",0,0,0,1107339646.40207,57560446.4118038
"1191","CR258244",1.03,4.74,9.4,38709766590.8987,22.1610055641729
"1192","CR258244",1.03,4.74,9.4,5133580946.8382,18717903.7617479
"1193","CR258244",1.04,10.15,12.77,10276555269.6776,153855378.262167
"1194","CR259240",62.65,15.04,86.05,764209375.708098,5702086.61923406
"1195","CR259240",78.82,18.92,109.29,8157156894.52802,98369573.2738757
"1196","CR259240",1.03,4.74,9.4,95776736.0845105,1784183.23332509
"1197","CR259240",98.7,23.69,136.17,1508142488.00348,1.27972308080643
"1198","CR259240",120.58,28.94,167.16,7036463465.53076,10.7738936274792
"1199","CR259240",1.04,10.15,12.77,11047968253.7415,12833153.3582333
"1200","CR259240",0.73,0.77,5.13,47898053374.4299,17.6227970781481
"1201","CR259240",0.73,0.77,5.13,43692704.2308405,5661333.54315092
"1202","CR259240",58.05,13.66,79.92,3612776.60806561,7425.85318569839
"1203","CR259240",62.65,15.04,86.05,54585075.7176183,218056.081076443
"1204","CR259240",78.82,18.92,109.29,40689337.1357195,1743630.21856544
"1205","CR259240",1.04,10.15,12.77,92000623.9823982,2025655.31853007
"1206","CR259240",0.73,0.77,5.13,8897202843.17605,157619538.057407
"1207","CR259240",58.05,13.66,79.92,181205183.461674,899720.639423245
"1208","CR259240",1.04,10.15,12.77,19871240.0412016,7.28871105041901
"1209","CR259240",85.73,20.17,112.98,6508378.17555545,3.75062229787
"1210","CR259240",1.03,4.74,9.4,38709766590.8987,0.629190931562334
"1211","CR259240",37.74,10.58,55.41,11213427796.265,5.96418798435843
"1212","CR259240",1.04,10.15,12.77,3925420194.41519,133028586.721006
"1213","CR259240",1.03,4.74,9.4,5133580946.8382,57212754.6679576
"1214","CR259240",1.04,10.15,12.77,10276555269.6776,290967966.200012
"1215","CR259241",62.65,15.04,86.05,764209375.708098,15792639.5728621
"1216","CR259241",78.82,18.92,109.29,8157156894.52802,130907391.238766
"1217","CR259241",1.03,4.74,9.4,95776736.0845105,1106170.16056171
"1218","CR259241",98.7,23.69,136.17,1508142488.00348,1.65242661675438
"1219","CR259241",120.58,28.94,167.16,7036463465.53076,44.7545711439665
"1220","CR259241",0,0,0,364691685.522491,3139782.50875751
"1221","CR259241",37.74,10.58,55.41,89927242.3204199,4.44286402551282
"1222","CR259241",1.04,10.15,12.77,11047968253.7415,136752352.639663
"1223","CR259241",0.73,0.77,5.13,47898053374.4299,55.0541217281928
"1224","CR259241",58.05,13.66,79.92,3612776.60806561,78565.6844726403
"1225","CR259241",62.65,15.04,86.05,54585075.7176183,106658.670451737
"1226","CR259241",78.82,18.92,109.29,40689337.1357195,325704.1766116
"1227","CR259241",1.04,10.15,12.77,92000623.9823982,2308289.4308069
"1228","CR259241",120.58,28.94,167.16,7076299902.76571,23.0205894950777
"1229","CR259241",58.05,13.66,79.92,181205183.461674,2194398.16166042
"1230","CR259241",1.04,10.15,12.77,19871240.0412016,0.00715472660450045
"1231","CR259241",1.03,4.74,9.4,38709766590.8987,6.5809245675891
"1232","CR259241",37.74,10.58,55.41,11213427796.265,70.0466380319772
"1233","CR259241",1.04,10.15,12.77,3925420194.41519,407434750.898526
"1234","CR259241",1.04,10.15,12.77,221098806.730766,6.86743444041349
"1235","CR259241",1.03,4.74,9.4,5133580946.8382,56460226.7403927
"1236","CR259241",1.04,10.15,12.77,10276555269.6776,948764963.555023
"1237","CR259242",1.03,4.74,9.4,95776736.0845105,704852.789981566
"1238","CR259242",120.58,28.94,167.16,7036463465.53076,18.3556354550337
"1239","CR259242",0,0,0,364691685.522491,3263744.82768798
"1240","CR259242",1.03,4.74,9.4,637188597.606285,5.83899381011724
"1241","CR259242",1.04,10.15,12.77,11047968253.7415,68517466.7977958
"1242","CR259242",1.04,10.15,12.77,1428680311.19128,48164235.8312535
"1243","CR259242",1.04,10.15,12.77,945534655.38946,16788175.8766141
"1244","CR259242",78.82,18.92,109.29,40689337.1357195,7.80033145616724
"1245","CR259242",1.04,10.15,12.77,19871240.0412016,10.6176296537686
"1246","CR259242",85.73,20.17,112.98,6508378.17555545,16.768826814675
"1247","CR259242",0,0,0,1107339646.40207,117012058.632976
"1248","CR259242",126.3,30.31,174.38,49751364.4943476,0.0408613868427539
"1249","CR259242",1.03,4.74,9.4,38709766590.8987,4.56474099779734
"1250","CR259242",1.03,4.74,9.4,5133580946.8382,6192937.11147379
"1251","CR259242",1.04,10.15,12.77,10276555269.6776,747641384.331991
"1252","CR259243",62.65,15.04,86.05,764209375.708098,1.19255650946725
"1253","CR259243",1.03,4.74,9.4,95776736.0845105,339491.789458593
"1254","CR259243",0,0,0,364691685.522491,11899268.276276
"1255","CR259243",1.03,4.74,9.4,637188597.606285,0.189713106490672
"1256","CR259243",0.73,0.77,5.13,300672690.150814,3.81850728654535
"1257","CR259243",1.04,10.15,12.77,11047968253.7415,51714447.7680135
"1258","CR259243",1.04,10.15,12.77,1428680311.19128,12114775.2250935
"1259","CR259243",0.73,0.77,5.13,47898053374.4299,31.2016062928052
"1260","CR259243",1.04,10.15,12.77,945534655.38946,3161179.41769457
"1261","CR259243",37.74,10.58,55.51,5563925318.74425,0.491029411424279
"1262","CR259243",1.04,10.15,12.77,19871240.0412016,2.44471068738494
"1263","CR259243",0,0,0,1107339646.40207,160919656.198755
"1264","CR259243",1.03,4.74,9.4,38709766590.8987,29.9347278785329
"1265","CR259243",37.74,10.58,55.41,11213427796.265,56.321695081942
"1266","CR259243",1.04,10.15,12.77,221098806.730766,11.0715045451963
"1267","CR259243",1.03,4.74,9.4,5133580946.8382,28542428.8872631
"1268","CR259243",1.04,10.15,12.77,10276555269.6776,306641612.453672
"1269","CR260240",78.82,18.92,109.29,8157156894.52802,4599433.2400831
"1270","CR260240",1.03,4.74,9.4,95776736.0845105,26661.7778884247
"1271","CR260240",98.7,23.69,136.17,1508142488.00348,19.4245623899978
"1272","CR260240",52.08,12.25,69.8,589642705.118406,7.12876213341951
"1273","CR260240",120.58,28.94,167.16,7036463465.53076,11.6522919038525
"1274","CR260240",85.73,20.17,112.98,5325780.01843303,5325780.01843303
"1275","CR260240",126.3,30.31,174.38,3512343.76839284,146276.960680927
"1276","CR260240",1.03,4.74,9.4,637188597.606285,7.67534059422603
"1277","CR260240",1.04,10.15,12.77,11047968253.7415,153858535.773377
"1278","CR260240",1.04,10.15,12.77,1428680311.19128,11823852.4261792
"1279","CR260240",0.73,0.77,5.13,43692704.2308405,884621.285587136
"1280","CR260240",1.04,10.15,12.77,578837.56953679,578831.555125272
"1281","CR260240",1.04,10.15,12.77,945534655.38946,93305.002983246
"1282","CR260240",1.04,10.15,12.77,92000623.9823982,6.31758503330703
"1283","CR260240",0.73,0.77,5.13,8897202843.17605,11427839.2803807
"1284","CR260240",1.04,10.15,12.77,99533801.2269533,28000598.3320106
"1285","CR260240",1.04,10.15,12.77,19871240.0412016,9571971.73629883
"1286","CR260240",64.63,15.21,85.91,492783.645849837,492783.645849837
"1287","CR260240",85.73,20.17,112.98,6508378.17555545,4191478.38630294
"1288","CR260240",114.38,28.97,159.41,311363.836595578,311363.836595578
"1289","CR260240",0,0,0,1107339646.40207,2.31970169418491
"1290","CR260240",126.3,30.31,174.38,49751364.4943476,16542682.8241643
"1291","CR260240",1.03,4.74,9.4,38709766590.8987,24.0929747837529
"1292","CR260240",37.74,10.58,55.41,11213427796.265,47.5246006301224
"1293","CR260240",1.04,10.15,12.77,3925420194.41519,13776834.7911556
"1294","CR260240",120.58,28.94,167.16,3201747.38206364,3201747.38206364
"1295","CR260240",1.04,10.15,12.77,221098806.730766,28427176.2886385
"1296","CR260240",1.03,4.74,9.4,5133580946.8382,25138115.387051
"1297","CR260240",1.04,10.15,12.77,10276555269.6776,312213623.151715
"1298","CR260241",1.03,4.74,9.4,95776736.0845105,15559376.867025
"1299","CR260241",98.7,23.69,136.17,1508142488.00348,22.2332857798943
"1300","CR260241",120.58,28.94,167.16,7036463465.53076,9.46242374930409
"1301","CR260241",0,0,0,364691685.522491,21140837.4888656
"1302","CR260241",1.03,4.74,9.4,637188597.606285,2.1790776848793
"1303","CR260241",0.73,0.77,5.13,300672690.150814,0.471863125477028
"1304","CR260241",1.04,10.15,12.77,11047968253.7415,28969491.9662136
"1305","CR260241",1.04,10.15,12.77,1428680311.19128,138626165.822994
"1306","CR260241",1.04,10.15,12.77,945534655.38946,47854988.9844588
"1307","CR260241",78.82,18.92,109.29,40689337.1357195,3.25580601740766
"1308","CR260241",1.04,10.15,12.77,92000623.9823982,2.15274878905502
"1309","CR260241",1.04,10.15,12.77,19871240.0412016,9.84469639763952
"1310","CR260241",0,0,0,1107339646.40207,91315069.5247411
"1311","CR260241",126.3,30.31,174.38,49751364.4943476,6.34455160440503
"1312","CR260241",1.03,4.74,9.4,38709766590.8987,85.8885698894277
"1313","CR260241",1.03,4.74,9.4,5133580946.8382,19698037.7744599
"1314","CR260241",1.04,10.15,12.77,10276555269.6776,957198115.186967
"1315","CR260242",1.03,4.74,9.4,95776736.0845105,362486.578258424
"1316","CR260242",120.58,28.94,167.16,7036463465.53076,4.20519422460347
"1317","CR260242",0,0,0,364691685.522491,3336378.09839136
"1318","CR260242",1.04,10.15,12.77,11047968253.7415,1967132.87932143
"1319","CR260242",1.04,10.15,12.77,1428680311.19128,1758074.53085698
"1320","CR260242",1.04,10.15,12.77,945534655.38946,4080952.81062884
"1321","CR260242",1.04,10.15,12.77,19871240.0412016,6.62168201571698
"1322","CR260242",0,0,0,1107339646.40207,50666365.5445678
"1323","CR260242",126.3,30.31,174.38,49751364.4943476,5.7232510775914
"1324","CR260242",1.03,4.74,9.4,38709766590.8987,4.58552214875817
"1325","CR260242",1.03,4.74,9.4,5133580946.8382,3539938.31434307
"1326","CR260242",1.04,10.15,12.77,10276555269.6776,72603306.516596
"1327","CR261239",126.3,30.31,174.38,3512343.76839284,3338230.94574102
"1328","CR261239",37.74,10.58,55.41,89927242.3204199,0.447662841510605
"1329","CR261239",1.04,10.15,12.77,1428680311.19128,12977796.9128545
"1330","CR261239",0.73,0.77,5.13,8897202843.17605,6.7606922199484
"1331","CR261239",1.04,10.15,12.77,99533801.2269533,9137034.3030204
"1332","CR261239",1.04,10.15,12.77,19871240.0412016,3704265.88892312
"1333","CR261239",85.73,20.17,112.98,6508378.17555545,2316852.05726599
"1334","CR261239",0,0,0,1107339646.40207,2314345.39022789
"1335","CR261239",126.3,30.31,174.38,49751364.4943476,33208117.8179885
"1336","CR261239",1.03,4.74,9.4,38709766590.8987,10.0327716120042
"1337","CR261239",37.74,10.58,55.41,11213427796.265,21.1817361400105
"1338","CR261239",1.04,10.15,12.77,221098806.730766,45140893.1094569
"1339","CR261239",1.03,4.74,9.4,5133580946.8382,1352392.49380432
"1340","CR261239",1.04,10.15,12.77,10276555269.6776,1.86868834073175
"1341","CR261240",1.03,4.74,9.4,95776736.0845105,288735.289651274
"1342","CR261240",98.7,23.69,136.17,1508142488.00348,4.08292095921934
"1343","CR261240",1.04,10.15,12.77,1428680311.19128,23847324.2674842
"1344","CR261240",1.04,10.15,12.77,99533801.2269533,7212611.43976052
"1345","CR261240",1.04,10.15,12.77,19871240.0412016,3177265.9753233
"1346","CR261240",37.74,10.58,55.41,11213427796.265,16.0406752410308
"1347","CR261240",1.04,10.15,12.77,221098806.730766,57418531.6155343
"1348","CR261240",1.03,4.74,9.4,5133580946.8382,3517349.74531764
